MinTemp,MaxTemp,Rainfall,Evaporation,Sunshine,WindGustSpeed,WindSpeed9am,WindSpeed3pm,Humidity9am,Humidity3pm,Pressure9am,Pressure3pm,Cloud9am,Cloud3pm,Temp9am,Temp3pm,RainToday,RainTomorrow
19.5,22.4,15.6,6.2,0.0,41,17,20,92,84,1017.6,1017.4,8,8,20.7,20.9,1,1 
19.5,25.6,6.0,3.4,2.7,41,9,13,83,73,1017.9,1016.4,7,7,22.4,24.8,1,1
21.6,24.5,6.6,2.4,0.1,41,17,2,88,86,1016.7,1015.6,7,8,23.5,23.0,1,1
20.2,22.8,18.8,2.2,0.0,41,22,20,83,90,1014.2,1011.8,8,8,21.4,20.9,1,1
19.7,25.7,77.4,4.8,0.0,41,11,6,88,74,1008.3,1004.8,8,8,22.5,25.5,1,1
20.2,27.2,1.6,2.6,8.6,41,9,22,69,62,1002.7,998.6,6,6,23.8,26.0,1,1
18.6,26.3,6.2,5.2,5.2,41,15,15,75,80,999.0,1000.3,4,7,21.7,22.3,1,1
17.2,22.3,27.6,5.8,2.1,41,7,15,77,61,1008.3,1007.4,7,8,18.9,21.1,1,1
16.4,20.8,12.6,4.8,3.0,41,19,9,92,91,1006.4,1007.6,7,7,17.1,16.5,1,1
18.9,27.3,0.0,6.8,6.7,41,7,24,68,67,1010.7,1007.5,7,7,22.9,24.7,0,1
18.4,22.8,14.4,7.0,3.3,41,24,30,87,70,1009.2,1011.7,8,7,20.9,21.0,1,1
19.3,26.2,0.0,3.6,8.4,41,2,28,73,65,1018.3,1015.6,1,6,23.0,25.8,0,1
19.0,29.0,22.2,8.2,3.3,41,0,15,82,52,1014.1,1010.6,7,7,21.3,24.7,1,1
17.9,21.4,4.2,4.2,0.0,41,20,9,77,88,1010.0,1010.1,8,8,20.4,19.2,1,1
12.8,22.0,0.2,6.2,11.3,41,19,31,55,46,1020.9,1020.6,0,1,15.9,21.2,0,1
19.9,24.9,0.0,7.6,4.5,41,13,24,83,75,1021.3,1020.7,5,7,22.9,23.3,0,1
17.7,19.6,1.0,7.0,0.0,41,26,22,87,80,1017.3,1018.9,8,8,17.8,18.4,0,1
16.3,24.8,0.4,4.0,6.1,41,9,13,82,57,1023.1,1020.6,5,6,18.5,24.8,0,1
19.8,27.5,0.4,6.4,2.5,41,4,17,81,58,1011.1,1006.9,5,7,21.4,27.0,0,1
13.1,22.7,0.0,3.6,6.4,41,13,20,71,55,1027.2,1024.6,5,6,17.7,22.1,0,1
15.3,22.0,12.0,3.2,4.7,41,11,15,83,70,1026.3,1024.2,5,6,18.2,19.8,1,1
14.6,22.1,9.6,5.4,5.1,41,20,17,86,75,1026.5,1024.1,6,6,17.0,18.9,1,1
15.6,22.2,22.8,5.4,5.8,41,13,20,96,62,1024.6,1021.4,7,5,16.3,21.1,1,1
15.1,22.7,0.0,1.8,6.6,41,11,4,81,75,1016.4,1013.4,5,6,17.4,19.7,0,1
13.2,18.9,11.0,3.2,5.2,41,19,30,82,64,1019.6,1019.2,7,3,15.9,18.8,1,1
13.8,19.7,2.8,2.8,1.7,41,20,22,85,71,1025.4,1023.9,7,7,15.9,19.0,1,1
13.8,20.9,1.4,4.6,2.2,41,15,20,78,85,1026.4,1024.6,7,8,17.2,16.2,1,1
14.9,19.7,4.6,1.4,0.8,41,17,13,91,72,1025.1,1023.4,7,7,16.4,19.4,1,1
15.3,20.0,6.4,3.2,0.3,41,4,15,94,75,1025.4,1023.7,8,7,16.4,19.6,1,1
15.9,21.4,5.0,4.8,5.0,41,22,24,51,61,1027.2,1026.1,6,7,19.3,19.5,1,1
15.2,19.1,2.8,4.0,1.3,41,15,6,79,75,1026.6,1023.7,7,6,17.3,18.4,1,1
14.7,19.3,21.8,7.5,4.6,41,9,19,91,70,1023.2,1021.4,8,7,16.6,19.0,1,1
14.4,20.3,10.2,3.6,2.0,41,9,20,90,55,1023.6,1022.3,7,5,16.1,20.1,1,1
14.7,17.9,12.6,4.0,0.7,41,6,22,90,89,1024.0,1022.1,7,7,16.2,17.2,1,1
14.7,20.0,15.6,1.6,2.5,41,19,20,93,80,1021.3,1018.6,7,7,16.8,19.3,1,1
12.0,21.4,0.2,3.2,8.7,41,13,9,90,60,1022.2,1017.8,1,1,13.9,21.3,0,1
11.6,20.5,0.2,2.2,0.3,41,19,17,91,74,1029.3,1027.0,7,7,14.3,18.7,0,1
14.3,17.6,22.0,1.8,0.1,41,9,7,97,90,1027.3,1024.8,8,7,15.3,17.1,1,1
15.2,19.1,4.0,0.4,0.0,41,17,22,98,90,1026.4,1024.1,8,8,15.6,16.7,1,1
15.5,18.3,9.2,2.4,0.0,41,19,26,87,88,1023.1,1020.5,8,8,17.5,17.2,1,1
15.2,16.9,46.4,2.4,0.0,41,24,24,82,84,1020.1,1018.6,7,8,16.0,16.6,1,1
11.7,18.2,0.0,2.2,8.8,41,19,24,76,49,1025.0,1025.7,1,1,13.3,17.9,0,1
12.7,17.7,6.0,1.4,0.5,41,17,17,97,71,1032.1,1029.8,8,7,14.1,17.2,1,1
13.0,16.9,3.6,1.2,1.2,41,13,2,96,89,1030.9,1028.0,7,8,13.9,16.2,1,1
13.2,19.9,0.0,1.8,0.0,41,6,4,74,70,1022.9,1020.6,7,8,17.3,19.6,0,1
10.6,15.3,0.0,2.8,0.1,41,24,26,75,87,1024.4,1022.8,7,8,13.7,14.5,0,1
13.3,16.8,7.2,5.0,2.4,41,19,20,86,83,1024.2,1023.0,6,7,15.0,15.8,1,1
12.8,20.3,0.0,2.0,5.0,41,13,13,91,69,1020.3,1017.4,6,7,13.9,18.6,0,1
13.8,17.9,3.6,0.6,0.6,41,19,19,81,60,1018.3,1016.2,7,7,14.3,17.2,1,1
9.2,17.9,0.0,3.2,9.6,41,17,7,63,42,1022.7,1020.8,1,1,10.7,17.4,0,1
8.2,15.0,1.2,2.4,0.4,41,20,9,84,88,1029.0,1028.2,7,7,9.1,12.9,1,1
6.9,13.3,0.0,2.8,4.6,41,15,20,57,43,1018.0,1015.7,2,7,9.6,13.2,0,1
10.8,17.6,0.0,3.2,0.0,41,6,4,41,55,1015.4,1008.6,8,8,14.6,16.8,0,1
5.5,14.7,0.0,4.0,4.0,41,22,19,67,61,1031.5,1029.6,6,6,7.0,14.1,0,1
6.9,15.9,7.0,0.2,1.7,41,19,22,95,70,1029.3,1025.4,8,7,10.9,14.7,1,1
9.8,12.7,8.8,2.4,0.1,41,15,17,93,81,1022.6,1020.1,8,7,10.5,12.6,1,1
6.3,17.6,0.0,2.0,7.6,41,11,6,71,41,1013.1,1008.6,2,7,9.1,16.4,0,1
7.0,13.6,3.8,3.0,3.6,41,20,31,79,79,1011.3,1011.3,6,8,8.4,10.2,1,1
8.3,16.5,0.8,0.4,6.0,41,20,19,74,75,1017.9,1014.6,1,7,10.9,11.4,0,1
9.4,20.2,0.0,3.2,1.1,41,7,11,58,44,1022.5,1017.1,8,7,12.0,18.2,0,1
10.2,11.9,2.6,3.4,0.0,41,15,17,90,87,1016.1,1015.5,8,8,10.5,10.5,1,1
8.1,16.0,0.0,4.8,6.3,41,13,17,82,65,1023.4,1019.1,5,7,12.1,15.7,0,1
13.5,17.1,0.4,4.6,0.7,41,20,26,55,64,1034.2,1031.0,7,8,15.4,15.8,0,1
13.1,15.7,1.6,4.4,0.0,41,28,20,76,88,1024.9,1020.8,8,8,15.6,14.2,1,1
11.8,14.2,62.2,4.8,0.0,41,22,30,92,88,1014.8,1013.1,8,8,13.0,12.3,1,1
14.8,30.6,0.0,7.4,10.6,41,4,7,40,47,1014.1,1010.4,3,1,24.3,25.0,0,1
17.2,23.5,3.6,9.6,2.8,41,15,7,82,79,1011.8,1007.4,8,6,18.0,19.3,1,1
13.2,29.8,0.0,4.4,7.5,41,6,37,64,33,1011.6,1007.0,0,7,19.1,27.6,0,1
15.6,17.0,2.6,10.4,3.0,41,17,24,88,60,1015.5,1018.0,8,5,15.6,16.9,1,1
22.5,34.8,0.0,8.6,9.8,41,15,11,41,20,1014.8,1010.3,1,7,29.6,33.9,0,1
17.5,19.4,9.6,10.4,0.0,41,13,9,89,88,1015.2,1012.9,7,8,18.9,19.0,1,1
14.6,19.1,3.4,1.0,0.0,41,11,11,93,86,1018.4,1015.3,8,8,14.9,16.0,1,1
16.6,21.0,0.6,9.2,2.3,41,20,20,89,84,1021.7,1016.0,8,7,16.8,17.6,0,1
17.1,22.2,0.0,8.0,5.7,41,20,20,76,55,1022.3,1019.3,7,1,18.1,21.8,0,1
14.5,19.2,1.8,5.2,8.4,41,26,35,68,59,1020.9,1019.6,6,7,16.8,18.8,1,1
9.9,14.3,12.6,6.0,2.3,41,19,24,87,74,1022.1,1021.9,7,7,10.3,12.4,1,1
7.9,15.7,11.4,4.2,5.0,41,24,26,71,75,1023.2,1022.5,6,7,11.9,14.1,1,1
17.6,21.9,0.0,11.4,5.7,41,11,22,67,70,1020.8,1019.9,5,8,20.8,20.5,0,1
16.8,17.3,6.2,4.6,0.0,41,11,13,93,91,1024.3,1023.8,8,8,17.2,16.7,1,1
17.5,23.1,0.8,4.6,0.2,41,11,17,72,60,1024.9,1021.0,7,7,18.3,20.0,0,1
19.2,27.0,0.0,10.6,9.1,41,13,22,65,57,1013.8,1010.6,5,5,24.3,26.1,0,1
18.5,23.1,6.6,9.4,2.4,41,17,19,92,73,1013.6,1012.1,8,7,18.6,21.5,1,1
16.2,23.4,0.0,4.0,8.3,41,22,24,60,60,1017.0,1013.7,7,8,20.6,21.6,0,1
17.0,22.1,6.2,7.8,1.0,41,9,20,91,78,1011.4,1008.2,8,8,18.4,20.9,1,1
12.2,19.7,0.2,9.8,2.1,41,19,26,50,55,986.7,991.0,7,5,13.8,18.4,0,1
19.5,24.6,0.2,7.8,0.7,41,24,17,71,75,1005.0,1003.9,8,7,22.9,22.2,0,1
19.3,23.3,10.8,2.6,6.9,41,13,24,92,79,1002.2,1002.0,7,7,20.3,19.8,1,1
20.0,26.1,0.0,7.6,4.9,41,11,20,81,78,1007.9,1008.4,8,7,21.1,21.7,0,1
18.2,22.3,6.8,4.4,6.3,41,19,31,74,72,1014.3,1010.9,7,6,20.3,21.9,1,1
19.5,23.4,0.0,9.4,5.2,41,35,30,71,66,1007.1,1009.6,3,8,21.9,21.7,0,1
17.2,19.9,3.4,4.6,0.0,41,15,26,90,58,1013.8,1015.0,8,8,17.5,19.7,1,1
17.4,24.5,3.6,4.0,0.0,41,13,30,85,92,1015.8,1009.9,8,8,17.6,18.4,1,1
20.5,27.2,0.0,7.2,0.7,41,9,13,79,70,1009.0,1005.0,7,8,24.5,26.2,0,1
20.7,24.9,0.0,8.0,7.2,41,28,15,72,68,1004.8,1003.7,2,6,22.6,22.4,0,1
17.4,24.6,0.0,6.6,8.7,41,19,31,58,57,1013.8,1011.5,3,1,23.4,23.9,0,1
23.0,33.4,0.0,14.2,9.4,41,7,19,61,39,1009.1,1006.0,5,6,28.6,33.1,0,1
20.1,28.7,0.0,9.0,12.4,41,9,22,61,54,1013.7,1010.6,0,1,24.7,27.0,0,1
20.8,26.8,0.0,6.8,1.2,41,9,15,80,72,1019.3,1019.1,8,7,21.9,25.3,0,1
20.2,23.9,14.2,1.8,1.7,41,9,7,95,93,1021.1,1019.9,8,8,20.8,22.4,1,1
20.9,22.5,0.0,9.0,0.0,41,20,17,84,81,1011.9,1011.7,8,8,21.2,20.6,0,1
17.9,19.4,3.4,1.6,0.0,41,6,19,94,89,1011.9,1010.1,8,8,18.2,18.7,1,1
17.5,22.0,0.6,4.0,1.1,41,19,31,76,56,1017.5,1018.7,7,8,18.9,21.4,0,1
16.4,20.4,23.2,5.4,0.0,41,24,24,86,90,1025.4,1025.0,8,8,18.0,17.9,1,1
17.0,21.2,19.6,4.4,0.0,41,30,19,66,67,1022.9,1019.2,8,8,19.1,20.4,1,1
16.5,23.3,25.6,2.4,0.2,41,19,22,88,66,1014.7,1013.9,8,8,19.4,23.1,1,1
18.6,25.0,16.4,4.8,6.4,41,19,24,82,62,1017.6,1017.8,7,7,20.3,22.6,1,1
19.4,22.9,3.8,7.4,0.0,41,9,17,70,71,1017.0,1015.4,8,8,20.8,22.0,1,1
19.4,26.6,24.6,3.2,7.1,41,19,15,93,62,1010.2,1008.1,8,6,20.2,25.7,1,1
21.9,24.4,0.0,6.4,0.3,41,0,11,85,68,1013.3,1013.2,8,8,22.5,23.6,0,1
20.2,25.3,0.0,5.0,4.1,41,11,19,80,77,1017.8,1018.7,5,7,22.2,22.0,0,1
20.2,23.4,0.0,6.2,1.8,41,17,24,59,70,1023.8,1022.7,3,7,23.3,22.3,0,1
19.9,27.2,0.0,4.0,6.4,41,2,20,82,64,1014.7,1010.1,3,6,22.3,26.8,0,1
20.8,26.0,0.0,7.0,8.0,41,4,17,69,60,1019.7,1017.5,4,4,23.0,25.2,0,1
18.6,26.2,0.0,4.0,6.7,41,7,22,66,65,1024.1,1022.3,2,6,22.9,24.7,0,1
19.8,22.5,2.6,6.0,0.0,41,20,26,86,89,1021.8,1020.4,8,8,21.1,19.9,1,1
18.4,24.7,46.0,5.0,2.3,41,28,30,93,73,1021.1,1021.0,8,7,20.5,23.9,1,1
19.6,24.7,11.4,3.8,2.4,41,22,17,87,79,1023.3,1021.8,8,7,21.9,23.8,1,1
20.1,25.1,5.0,2.6,7.9,41,0,24,92,73,1021.1,1016.9,6,5,21.4,24.4,1,1
20.4,22.6,0.0,3.6,0.1,41,15,7,79,84,1022.5,1019.3,8,8,21.6,20.9,0,1
14.2,22.8,0.0,5.2,7.9,41,11,28,66,56,1020.0,1018.1,1,5,18.3,20.9,0,1
15.8,22.5,13.4,3.4,8.3,41,20,17,91,62,1019.9,1017.9,7,6,16.1,21.7,1,1
16.4,22.1,0.6,5.4,5.0,41,33,15,59,64,1022.8,1021.3,5,7,20.5,20.1,0,1
16.0,22.7,6.8,3.4,7.7,41,9,17,85,65,1024.3,1022.5,7,7,17.2,20.1,1,1
10.2,17.6,0.0,4.6,2.4,41,20,22,59,63,1022.3,1019.5,7,7,12.6,16.6,0,1
11.0,17.4,6.2,2.4,2.7,41,17,4,92,88,1020.5,1020.4,7,7,12.8,14.1,1,1
10.9,22.0,0.0,2.2,9.4,41,22,22,61,56,1025.1,1022.7,1,2,14.0,20.8,0,1
12.1,23.3,0.0,3.2,10.0,41,19,15,84,53,1028.5,1025.5,1,1,14.5,21.6,0,1
13.0,20.1,0.8,3.4,3.4,41,11,17,86,46,1024.6,1023.6,7,5,13.9,19.6,0,1
10.5,20.9,0.0,2.6,5.2,41,19,17,74,52,1025.7,1023.3,3,5,13.2,19.7,0,1
13.0,21.4,2.6,2.4,4.4,41,15,20,91,53,1024.5,1021.4,6,6,14.5,20.0,1,1
14.5,21.2,20.2,4.4,3.0,41,33,31,68,62,1022.1,1020.1,7,7,19.2,20.4,1,1
14.8,19.7,27.2,1.8,0.2,41,15,19,53,62,1023.9,1022.0,7,7,19.2,18.7,1,1
15.6,19.6,4.6,6.6,0.0,41,15,19,59,85,1023.6,1020.8,8,8,19.1,17.5,1,1
15.4,20.8,17.6,5.0,6.0,41,15,19,66,80,1023.6,1023.3,5,8,19.6,18.1,1,1
13.9,16.9,0.0,3.0,0.1,41,15,6,88,86,1020.4,1018.4,7,8,15.3,16.3,0,1
11.4,17.5,0.0,2.4,6.1,41,20,26,65,65,1023.3,1022.3,3,7,12.4,16.6,0,1
9.9,16.5,15.0,4.6,4.0,41,19,13,82,78,1028.2,1027.1,8,6,11.7,15.9,1,1
12.5,19.1,0.0,1.2,3.4,41,13,15,91,68,1030.1,1027.1,7,7,13.7,18.5,0,1
13.7,18.5,8.0,2.8,0.1,41,6,19,89,87,1025.9,1022.3,8,7,16.0,17.6,1,1
9.4,15.6,0.0,3.4,0.3,41,6,2,74,61,1014.5,1011.9,7,7,11.0,14.4,0,1
9.2,16.3,0.6,3.0,0.5,41,17,19,81,88,1017.9,1020.1,6,7,13.1,13.6,0,1
10.5,15.6,29.8,0.8,3.3,41,19,6,92,87,1027.6,1026.5,7,6,11.2,14.2,1,1
10.1,15.4,7.8,1.0,3.3,41,11,9,95,85,1030.0,1028.1,7,7,10.7,14.2,1,1
10.9,16.0,0.2,3.8,0.6,41,15,11,95,87,1028.0,1024.6,6,8,11.7,15.5,0,1
11.7,19.1,31.8,0.6,1.9,41,4,11,93,82,1023.9,1020.7,7,7,14.1,17.8,1,1
10.4,18.7,0.0,2.2,5.3,41,11,7,86,54,1006.3,1004.5,4,6,12.4,17.5,0,1
7.5,15.1,0.6,2.6,3.9,41,19,19,81,60,1025.0,1024.1,6,7,9.0,14.7,0,1
8.6,16.8,13.8,2.6,3.2,41,15,4,96,61,1029.6,1028.2,7,6,10.5,15.4,1,1
9.1,17.6,6.2,0.4,4.4,41,13,30,96,63,1030.9,1028.5,7,5,10.3,16.2,1,1
8.1,16.5,0.0,2.0,2.5,41,24,22,78,47,1012.3,1010.3,6,7,9.2,14.5,0,1
11.2,24.7,0.0,4.8,8.0,41,15,24,54,39,1011.5,1005.4,2,4,19.7,24.0,0,1
8.9,15.3,0.0,5.8,0.3,41,4,9,83,68,1019.1,1014.2,7,8,9.9,14.1,0,1
9.1,16.8,0.0,1.2,2.4,41,13,13,81,64,1016.3,1012.5,7,6,11.7,16.3,0,1
17.0,23.9,0.0,5.6,3.5,41,26,19,47,59,1006.1,1005.9,2,8,23.3,18.9,0,1
12.0,21.1,0.0,4.6,4.7,41,11,11,80,84,1020.7,1018.9,3,8,15.2,16.3,0,1
13.5,19.9,0.0,5.4,2.1,41,17,28,74,57,1008.5,1000.8,7,6,14.6,19.1,0,1
17.1,31.7,0.0,3.4,8.2,41,24,31,45,34,1002.8,998.3,0,1,25.8,30.9,0,1
16.5,20.7,0.0,10.2,0.5,41,15,15,72,68,1013.4,1010.0,7,8,18.3,19.4,0,1
13.6,15.2,12.6,3.0,0.0,41,22,19,91,89,1011.9,1014.1,8,8,13.8,14.5,1,1
12.9,17.0,38.2,2.4,0.0,41,6,19,88,61,1021.5,1019.8,8,7,13.5,16.6,1,1
13.1,20.2,3.4,1.8,2.2,41,13,11,91,65,1020.3,1017.1,7,7,14.2,18.4,1,1
11.5,19.6,6.6,2.6,6.4,41,22,17,77,64,1020.6,1016.7,6,4,13.5,18.0,1,1
10.6,19.3,7.0,3.6,8.8,41,20,22,51,29,1014.2,1011.3,1,5,14.1,18.5,1,1
9.6,17.1,0.0,5.2,4.7,41,15,17,65,76,1025.4,1026.0,5,6,13.5,13.9,0,1
8.9,18.6,24.4,3.4,6.7,41,15,19,84,59,1029.7,1027.3,4,7,12.0,17.6,1,1
11.6,21.2,0.0,8.0,12.2,41,15,20,53,43,1020.8,1020.6,1,1,16.8,20.3,0,1
17.9,20.9,0.0,5.6,1.1,41,7,7,72,94,1016.0,1015.7,7,8,20.3,16.5,0,1
14.4,17.0,73.2,4.8,0.0,41,31,26,91,60,1023.7,1025.3,8,8,14.7,16.6,1,1
16.9,19.8,0.0,2.2,1.1,41,13,24,75,68,1020.9,1021.9,7,7,19.4,19.1,0,1
16.7,21.3,1.4,3.0,0.8,41,24,19,66,57,1027.6,1027.1,7,7,19.2,20.8,1,1
16.6,26.7,0.0,6.8,11.2,41,17,20,70,54,1020.0,1013.4,0,6,22.0,26.0,0,1
18.7,27.6,0.0,6.4,10.3,41,6,19,72,62,1008.8,1002.0,5,7,22.6,26.6,0,1
18.1,23.1,0.0,11.8,3.9,41,19,33,55,61,1008.1,1009.2,4,7,21.2,19.6,0,1
14.3,21.2,4.4,6.4,9.6,41,22,24,58,59,1016.1,1017.4,2,5,17.9,19.4,1,1
21.5,32.0,0.0,10.4,11.6,41,13,37,71,51,1013.7,1008.5,0,5,26.0,29.8,0,1
20.2,21.4,5.4,13.6,0.0,41,11,20,87,83,1014.1,1016.7,8,8,20.2,18.5,1,1
17.7,20.2,12.0,2.8,0.0,41,17,20,91,85,1016.2,1016.4,8,8,17.8,18.6,1,1
17.7,22.9,4.8,1.8,0.0,41,20,13,92,80,1017.9,1016.1,8,8,20.2,22.3,1,1
20.1,23.1,16.0,2.6,1.4,41,13,22,97,83,1014.8,1015.4,8,7,20.6,22.7,1,1
23.3,30.7,0.0,6.8,4.8,41,15,19,70,79,1007.7,1005.7,7,7,25.6,24.9,0,1
23.7,27.7,0.2,9.2,8.8,41,19,35,64,69,1010.9,1011.0,1,6,27.0,25.4,0,1
25.0,41.3,0.0,13.4,5.6,41,26,6,28,17,1007.8,1005.4,5,5,31.9,39.9,0,1
22.2,26.6,0.0,4.8,1.8,41,0,17,80,81,1012.1,1009.5,8,8,23.7,24.6,0,1
19.6,30.2,2.6,3.4,9.5,41,7,20,81,53,1008.6,1010.0,1,1,22.2,29.6,1,1
22.7,27.7,0.6,8.0,9.8,41,19,30,61,60,1017.8,1016.4,6,7,25.0,25.9,0,1
21.4,27.3,23.4,6.4,7.3,41,26,26,90,66,1014.9,1014.3,7,4,22.0,27.2,1,1
21.9,27.2,3.4,6.0,3.9,41,28,28,83,76,1013.9,1011.3,7,7,25.2,26.1,1,1
23.1,26.5,4.0,4.8,3.0,41,11,19,79,88,1010.1,1008.8,7,7,25.8,24.9,1,1
20.5,22.4,31.2,5.0,0.0,41,31,24,95,95,1015.7,1016.2,7,8,21.6,22.2,1,1
20.2,25.0,77.4,7.4,0.2,41,19,15,95,86,1021.6,1020.8,7,8,21.1,23.8,1,1
23.9,37.8,0.0,9.0,9.8,41,2,15,71,32,1008.7,1005.5,6,7,26.9,37.4,0,1
21.4,25.5,70.0,9.4,0.3,41,17,11,92,80,1011.9,1010.2,8,8,22.1,25.2,1,1
22.1,26.4,10.0,2.0,1.4,41,9,11,91,92,1007.3,1004.5,7,8,23.5,23.9,1,1
21.0,26.7,0.0,8.0,3.8,41,4,13,83,72,1017.1,1014.3,7,8,23.7,25.8,0,1
19.2,19.7,4.2,5.0,0.0,41,19,17,68,84,1018.9,1018.4,8,8,19.4,19.2,1,1
20.5,25.1,0.0,5.2,1.0,41,20,15,72,83,1011.5,1009.6,7,8,23.9,23.5,0,1
17.4,24.7,0.0,7.4,7.1,41,22,19,68,52,1034.3,1032.9,2,6,20.5,22.8,0,1
22.4,27.5,0.0,2.8,0.1,41,7,11,78,56,1016.9,1016.4,7,8,23.2,26.7,0,1
20.5,21.3,4.0,4.8,0.0,41,4,9,92,88,1019.8,1018.4,8,8,20.6,21.2,1,1
15.9,24.0,0.0,6.6,7.2,41,17,15,72,56,1021.4,1020.0,2,3,18.6,22.1,0,1
15.4,22.4,6.8,3.2,6.6,41,13,19,84,59,1022.9,1020.5,6,6,17.7,20.7,1,1
17.0,23.3,0.8,2.2,3.6,41,0,17,74,62,1020.5,1017.6,6,7,21.4,22.4,0,1
18.5,25.9,3.8,2.8,1.1,41,15,22,90,65,1016.6,1012.3,8,7,19.1,24.5,1,1
19.0,28.7,3.0,1.4,9.4,41,17,17,77,71,1012.5,1011.8,3,3,22.2,24.3,1,1
20.2,28.6,0.0,7.2,3.4,41,11,20,57,49,1014.3,1009.9,7,7,22.8,26.4,0,1
14.0,19.4,0.0,5.0,0.3,41,20,13,79,64,1025.2,1024.4,8,7,14.4,19.2,0,1
15.4,21.1,0.0,3.8,5.9,41,7,28,59,41,1012.2,1011.3,7,3,18.7,18.1,0,1
12.7,17.9,1.0,2.4,0.2,41,19,4,85,68,1019.7,1016.7,8,8,13.1,16.5,0,1
12.4,15.4,13.8,1.0,0.0,41,22,17,94,92,1018.2,1017.4,8,8,13.0,14.9,1,1
11.7,19.5,0.0,1.2,6.4,41,13,20,83,58,1020.6,1017.9,3,6,13.9,18.4,0,1
10.8,18.6,17.2,2.8,4.8,41,22,24,92,58,1021.5,1019.7,7,3,11.3,18.4,1,1
9.5,14.7,14.2,5.0,0.4,41,19,11,91,93,1023.6,1020.8,7,6,10.4,14.3,1,1
12.1,16.9,0.8,4.8,0.1,41,11,7,89,84,1011.7,1006.3,7,7,14.1,16.8,0,1
13.4,17.3,9.0,2.2,0.0,41,17,50,96,94,1004.8,1004.9,8,8,13.5,15.6,1,1
13.5,18.7,33.6,5.8,3.3,41,15,11,82,62,1018.0,1017.6,6,7,15.9,18.3,1,1
11.7,19.9,1.6,1.4,4.6,41,15,7,92,53,1021.0,1017.1,7,5,12.9,19.8,1,1
12.9,17.1,3.0,2.8,0.0,41,11,4,88,87,1009.5,1004.7,7,8,15.8,16.2,1,1
11.8,19.1,3.0,1.4,2.2,41,15,2,78,56,1003.2,1002.4,4,6,13.0,18.7,1,1
12.6,20.0,12.8,1.6,3.9,41,22,28,87,68,1008.3,1010.2,7,7,16.5,19.1,1,1
11.2,20.1,0.0,3.0,7.0,41,19,13,81,63,1020.9,1019.6,6,5,12.7,19.0,0,1
12.7,18.6,6.0,2.4,0.8,41,19,24,91,90,1023.0,1020.0,7,7,15.2,17.1,1,1
15.2,17.7,26.4,3.4,0.0,41,26,30,85,94,1018.7,1015.5,7,8,17.3,16.4,1,1
9.5,18.5,0.4,2.2,6.5,41,28,22,64,70,1014.7,1015.8,1,7,11.3,15.2,0,1
9.5,20.2,0.0,3.0,9.8,41,19,7,71,40,1025.0,1023.8,5,4,11.3,20.0,0,1
10.1,16.0,8.2,3.4,4.2,41,15,17,95,80,1032.8,1032.5,7,4,11.5,15.7,1,1
12.6,15.6,4.0,2.2,0.2,41,17,6,83,90,1036.7,1034.1,7,7,14.4,14.6,1,1
8.8,13.5,0.0,3.4,0.1,41,20,11,76,83,1027.2,1024.1,7,8,9.7,13.1,0,1
9.7,17.2,4.2,0.4,3.5,41,7,17,95,67,1016.7,1015.1,6,7,10.8,15.1,1,1
9.6,16.0,2.6,1.4,2.9,41,22,20,83,70,1023.9,1022.5,7,6,10.3,15.3,1,1
9.7,15.6,32.0,0.0,3.8,41,19,9,96,83,1029.6,1027.9,6,7,10.7,13.9,1,1
8.0,16.5,0.0,1.0,8.5,41,19,19,71,53,1022.4,1021.4,1,3,10.2,14.9,0,1
8.0,18.2,0.2,2.0,5.8,41,20,20,75,62,1032.6,1030.3,2,7,9.8,16.4,0,1
10.2,16.9,0.0,1.0,6.2,41,11,15,83,64,1029.9,1027.7,3,5,12.5,15.5,0,1
9.2,17.0,16.0,3.8,3.2,41,15,7,90,69,1034.0,1032.6,6,7,11.9,15.5,1,1
9.3,16.9,2.4,1.6,3.2,41,13,9,86,49,1035.7,1032.5,6,7,11.2,16.6,1,1
11.2,15.2,2.6,1.6,0.8,41,4,11,96,90,1029.8,1024.8,8,8,12.3,14.4,1,1
11.4,16.2,24.2,1.4,0.6,41,6,9,93,77,1019.1,1016.0,6,7,12.8,15.8,1,1
12.0,21.1,3.4,3.8,5.8,41,22,9,97,62,1016.9,1013.6,4,7,12.8,21.0,1,1
9.1,15.7,0.4,4.0,7.3,41,24,28,49,36,1015.8,1011.6,5,5,11.2,15.1,0,1
7.2,17.1,0.0,2.6,8.9,41,15,20,83,58,1023.5,1020.9,2,1,9.3,17.0,0,1
9.3,16.4,2.8,2.4,0.0,41,2,13,93,90,1019.2,1013.8,8,8,12.2,16.2,1,1
6.5,19.9,0.0,4.2,6.6,41,13,19,69,53,1020.5,1012.0,3,5,9.3,17.7,0,1
16.6,18.1,0.8,3.8,0.0,41,15,19,77,74,1016.3,1014.4,8,7,17.8,17.8,0,1
13.7,17.6,3.2,1.8,0.0,41,15,19,80,64,1025.8,1023.6,8,7,15.2,16.5,1,1
9.7,18.4,0.0,4.0,2.4,41,2,6,77,56,1017.5,1010.6,6,8,13.0,18.0,0,1
13.9,18.1,0.0,5.4,1.7,41,28,28,70,87,1016.4,1011.4,6,8,17.6,15.7,0,1
11.6,23.7,0.0,3.0,8.2,41,15,24,82,66,1023.0,1022.3,0,5,15.3,20.4,0,1
12.7,19.6,0.0,2.6,0.0,41,13,20,70,82,1029.8,1027.7,5,4,18.3,16.5,0,1
15.0,19.7,14.2,1.0,1.2,41,19,24,93,77,1030.0,1027.4,5,4,15.3,18.9,1,1
15.3,20.6,12.0,4.0,2.3,41,7,24,83,72,1026.2,1022.8,5,4,17.9,19.9,1,1
15.8,27.2,0.0,8.0,6.9,52,7,4,59,82,1016.6,1015.1,5,4,21.4,19.3,0,1
14.1,15.7,30.6,7.4,0.0,48,22,20,92,75,1021.1,1020.6,5,4,14.1,15.7,1,1
14.8,23.8,0.0,6.8,9.6,54,13,26,76,69,1016.0,1014.7,2,7,20.2,20.6,0,1
19.3,24.7,0.0,7.2,5.5,50,19,28,81,64,1012.0,1010.6,5,4,20.7,24.2,0,1
18.1,20.4,5.2,6.6,0.1,48,22,28,78,77,1014.7,1012.1,8,8,18.7,18.6,1,1
14.4,18.1,0.4,5.4,2.8,48,15,20,83,68,1022.3,1020.5,7,7,14.8,17.6,0,1
13.4,19.2,8.4,8.4,2.7,46,17,30,67,53,1023.9,1022.1,7,7,15.2,17.8,1,1
13.6,18.8,26.0,4.8,2.5,37,7,15,93,81,1023.8,1021.9,5,4,14.1,16.7,1,1
16.1,26.3,0.0,5.8,7.9,74,7,28,64,52,1017.2,1015.1,3,7,23.3,23.8,0,1
18.2,24.5,0.0,3.2,6.0,52,6,30,87,72,1021.8,1017.1,5,7,20.9,23.5,0,1
22.3,23.9,0.0,10.4,0.0,30,9,7,70,95,1012.8,1012.6,5,4,23.9,19.4,0,1
19.0,23.5,0.0,10.8,0.0,44,9,13,73,64,1010.9,1010.2,5,4,21.7,23.0,0,1
16.8,21.5,5.8,3.4,0.0,56,30,28,85,77,1013.6,1012.9,5,4,18.0,20.8,1,1
16.4,21.6,5.6,1.8,0.9,44,11,17,94,91,1016.4,1014.5,8,8,17.3,20.2,1,1
17.2,20.1,27.6,3.4,0.0,43,30,19,94,89,1016.4,1015.3,8,8,18.9,19.9,1,1
19.6,22.7,0.0,7.4,1.6,31,6,19,84,80,1013.0,1010.2,5,4,20.9,22.0,0,1
21.7,26.4,0.0,7.6,3.9,52,4,6,72,91,1003.8,1006.0,5,8,24.7,20.6,0,1
18.5,27.3,0.0,5.0,5.0,65,15,33,69,44,1003.5,995.6,5,4,19.8,26.4,0,1
20.8,31.3,0.8,8.0,3.5,76,20,15,88,56,1006.3,1001.4,5,4,21.1,28.7,0,1
18.4,19.9,17.0,11.8,0.3,57,15,28,88,78,1005.5,1005.8,5,4,18.5,18.9,1,1
20.7,28.0,0.0,10.6,8.6,52,9,26,72,62,1011.9,1010.8,5,4,24.7,26.6,0,1
18.9,21.3,5.6,7.2,0.1,50,17,20,81,84,1014.5,1013.9,5,4,19.9,19.2,1,1
19.5,26.8,0.0,5.2,12.3,41,20,17,72,57,1010.8,1011.1,5,4,22.6,24.9,0,1
19.9,26.5,7.6,6.4,4.8,33,9,17,88,67,1013.6,1013.0,5,4,22.1,26.5,1,1
21.3,26.7,6.6,5.2,10.3,31,11,20,68,62,1013.8,1012.1,5,4,24.3,26.4,1,1
22.0,27.0,9.4,4.6,7.5,44,22,20,82,67,1014.4,1014.3,5,4,24.0,26.6,1,1
21.8,25.2,0.4,6.6,0.8,44,20,20,71,79,1014.5,1012.1,5,4,24.3,24.3,0,1
20.0,26.1,0.0,8.0,7.3,31,13,20,68,57,1007.5,1007.3,5,4,22.4,24.8,0,1
21.5,27.3,0.2,5.8,12.3,39,20,24,62,55,1013.5,1013.4,5,4,24.8,26.3,0,1
21.0,29.2,0.2,5.0,8.0,39,7,13,63,60,1016.0,1011.4,5,4,25.3,28.3,0,1
22.7,23.1,1.4,8.6,0.0,52,30,26,87,76,1014.7,1016.4,5,4,22.7,22.2,1,1
18.3,25.0,0.0,6.6,3.0,31,9,20,84,54,1023.7,1022.0,5,4,20.7,24.0,0,1
19.1,21.7,0.4,9.0,3.2,50,22,26,57,78,1021.6,1022.6,5,4,20.4,19.2,0,1
19.3,28.3,0.0,3.2,7.7,33,11,20,77,65,1017.2,1016.8,5,4,22.3,25.3,0,1
20.0,25.2,0.0,5.4,0.9,39,19,20,81,67,1015.2,1014.0,5,4,21.1,24.8,0,1
19.4,24.0,10.4,5.2,0.9,46,24,24,86,84,1014.1,1011.8,5,4,21.2,22.9,1,1
18.8,23.5,99.4,4.8,3.3,59,22,39,92,81,1012.4,1010.1,5,4,19.4,22.2,1,1
19.4,24.8,20.8,5.2,2.6,57,26,19,95,82,1006.6,1003.3,5,4,21.4,24.0,1,1
17.7,20.6,0.0,5.2,0.4,56,28,20,71,77,1019.2,1020.1,5,4,18.4,18.6,0,1
16.1,20.5,5.0,5.4,2.5,41,17,19,89,87,1024.6,1024.5,5,4,16.6,18.4,1,1
15.9,24.2,5.8,1.6,3.2,33,15,15,91,59,1026.7,1025.5,5,4,17.1,23.5,1,1
17.8,27.7,0.0,6.6,9.2,41,13,17,78,61,1019.9,1016.1,5,4,20.5,26.0,0,1
20.1,21.3,1.8,5.2,0.5,43,22,20,78,68,1022.7,1022.9,5,4,20.3,20.9,1,1
10.5,17.7,0.0,3.8,6.9,41,22,31,63,63,1014.5,1013.7,5,4,14.5,16.9,0,1
8.5,20.8,0.0,2.8,9.3,28,19,9,74,58,1032.6,1029.6,5,4,11.6,19.4,0,1
12.1,18.8,0.0,6.6,3.9,39,7,19,57,75,1005.1,1005.0,5,4,14.6,15.5,0,1
11.1,14.2,12.0,1.4,1.8,69,33,31,72,69,1011.1,1011.1,5,4,12.3,13.9,1,1
10.2,17.0,0.0,0.6,0.0,31,20,17,82,77,1025.1,1021.9,5,4,11.2,16.7,0,1
11.2,17.9,36.0,4.4,0.0,94,30,17,89,91,1020.5,1018.4,5,4,15.4,14.0,1,1
13.9,19.9,65.2,4.8,0.7,70,39,31,81,62,1019.5,1019.3,5,4,17.9,19.6,1,1
16.1,21.0,4.6,4.6,0.7,54,22,37,65,63,1025.3,1025.0,5,4,18.7,18.7,1,1
11.1,18.7,0.0,2.8,2.5,26,13,6,73,62,1015.4,1013.7,5,4,13.3,18.3,0,1
8.9,15.7,0.0,4.8,4.6,56,19,31,58,60,1016.0,1017.0,5,4,11.6,14.2,0,1
9.9,15.7,7.8,0.2,6.1,54,20,26,86,80,1024.4,1024.6,5,4,12.6,13.8,1,1
11.6,15.7,18.2,4.8,0.3,57,28,35,89,67,1025.5,1022.9,5,4,13.6,15.3,1,1
12.8,16.7,23.4,2.4,0.0,50,17,20,92,62,1023.9,1021.1,5,4,13.7,16.3,1,1
13.7,17.8,10.4,3.4,0.3,67,22,35,81,78,1021.2,1019.9,5,4,15.7,15.4,1,1
14.1,18.4,13.8,6.0,0.2,69,37,28,85,63,1023.3,1021.4,5,4,15.3,17.4,1,1
14.0,17.1,4.2,3.6,1.3,54,31,22,71,68,1021.2,1016.8,5,4,15.9,16.3,1,1
9.0,16.6,0.0,2.6,0.7,43,20,13,86,62,1034.2,1032.6,5,4,10.7,16.3,0,1
10.8,16.6,0.4,2.6,1.9,33,19,20,91,67,1031.6,1028.1,5,4,12.3,16.2,0,1
5.6,13.2,0.8,2.0,0.6,39,26,13,64,84,1034.7,1032.4,5,4,7.5,12.7,0,1
7.5,16.3,9.0,1.4,4.4,26,13,17,94,62,1031.7,1027.7,5,4,10.4,14.8,1,1
10.4,16.1,2.2,1.4,0.7,17,11,2,95,86,1025.2,1021.5,5,4,11.9,14.5,1,1
7.4,14.7,0.6,3.2,5.1,56,22,26,63,72,1014.6,1011.6,5,4,8.7,10.3,0,1
8.7,18.5,76.8,4.8,1.6,70,24,24,91,83,1012.7,1013.5,5,4,14.3,15.0,1,1
11.1,13.3,39.2,6.4,0.0,56,22,30,94,92,1016.6,1014.3,5,4,12.0,11.4,1,1
11.3,13.9,88.2,4.8,0.0,46,19,19,88,95,1018.3,1018.0,5,4,13.1,11.5,1,1
8.7,15.6,57.4,5.6,2.7,41,22,22,89,67,1020.4,1019.1,5,4,9.1,14.5,1,1
13.7,19.5,0.6,5.0,4.3,35,9,17,84,77,1017.1,1012.6,5,4,14.2,16.7,0,1
7.3,18.5,0.0,4.8,6.7,33,15,13,58,47,1008.5,1008.2,5,4,11.5,16.9,0,1
10.3,17.3,13.0,6.2,2.7,41,22,15,74,83,1018.0,1018.7,5,4,14.8,14.2,1,1
10.2,16.9,0.0,2.0,1.1,52,17,17,91,80,1018.4,1014.1,5,4,12.4,15.2,0,1
8.6,17.4,0.8,4.2,0.7,78,28,39,85,74,1014.2,1015.8,5,4,9.1,16.2,0,1
8.9,19.5,20.2,3.8,9.7,56,24,26,57,47,1028.8,1028.6,5,4,16.3,18.7,1,1
14.7,26.8,0.0,3.2,10.3,56,20,15,44,28,1019.6,1014.3,5,4,20.5,26.6,0,1
12.6,18.3,0.0,5.8,0.9,24,2,17,67,60,1020.9,1017.6,5,4,15.6,17.1,0,1
12.2,14.8,4.4,1.6,1.1,46,15,13,82,67,1009.0,1006.1,5,4,12.2,14.1,1,1
14.3,17.7,0.2,8.2,0.4,39,15,19,65,76,1021.4,1017.8,5,4,16.5,16.3,0,1
13.1,17.3,23.8,6.8,0.0,61,31,20,90,92,1018.6,1020.3,5,4,14.2,13.2,1,1
13.4,18.0,0.0,7.2,0.2,31,9,11,59,84,1015.7,1010.6,5,4,17.3,15.8,0,1
10.8,20.0,0.2,6.6,5.2,48,2,17,49,46,1006.5,1005.0,5,4,15.8,18.3,0,1
11.4,17.1,9.8,6.4,0.2,67,30,31,88,63,1012.8,1016.7,5,4,13.1,15.2,1,1
13.3,19.0,0.0,3.0,0.9,22,7,15,67,62,1016.5,1013.5,5,4,15.4,17.9,0,1
14.4,21.0,2.2,2.2,6.3,24,9,19,88,64,1013.6,1010.2,5,4,15.7,20.0,1,1
16.6,19.4,0.0,4.6,0.0,35,20,22,65,70,1020.8,1017.4,5,4,17.4,17.8,0,1
17.1,23.3,0.2,3.4,11.6,37,15,24,62,51,1014.1,1014.8,5,4,20.4,21.9,0,1
18.7,19.5,0.8,11.8,0.3,59,26,33,81,86,1010.6,1013.6,5,4,19.4,16.9,0,1
14.2,18.6,2.8,4.0,0.0,41,11,20,78,52,1022.7,1022.3,5,4,14.9,17.2,1,1
14.3,24.0,0.0,5.8,11.4,43,15,26,64,46,1011.3,1009.4,5,4,19.3,22.7,0,1
13.8,18.4,11.4,4.6,3.4,39,19,11,88,50,1013.0,1013.8,5,4,14.5,18.0,1,1
19.4,28.9,0.6,5.2,7.4,63,9,24,78,63,1014.4,1008.8,5,4,23.3,27.0,0,1
19.1,22.1,0.0,10.0,1.1,65,13,22,77,73,1017.0,1018.7,5,4,21.2,20.7,0,1
15.9,21.4,12.8,2.4,0.0,22,9,11,93,94,1020.5,1018.7,5,4,17.2,17.9,1,1
19.6,28.0,0.0,8.8,7.0,74,9,9,78,57,1010.2,1007.4,5,4,22.6,26.1,0,1
17.5,22.3,2.4,4.8,0.4,31,9,17,62,63,1018.4,1015.2,5,4,20.4,21.2,1,1
17.8,21.9,4.8,4.4,0.2,41,7,22,85,75,1011.0,1008.8,5,4,19.6,21.8,1,1
14.8,18.3,38.8,7.4,0.1,48,19,24,93,86,1016.4,1019.7,5,4,15.6,17.2,1,1
15.3,18.3,14.8,3.4,0.0,43,19,24,75,76,1026.6,1025.7,5,4,17.4,17.3,1,1
15.4,20.0,7.6,2.4,0.0,52,24,15,89,89,1021.8,1020.4,5,4,18.3,18.6,1,1
18.1,26.8,22.0,3.2,5.5,59,28,30,95,73,1007.6,1003.9,5,4,19.9,24.3,1,1
20.7,31.6,0.0,7.2,2.2,54,17,22,77,41,1010.5,1009.1,5,4,23.7,30.6,0,1
15.8,21.9,1.4,9.0,8.7,57,22,22,51,41,1020.7,1020.6,5,4,17.5,20.9,1,1
15.6,21.1,0.0,7.2,3.9,63,20,28,70,72,1014.3,1015.0,5,4,19.9,16.3,0,1
11.8,19.0,4.8,7.6,4.5,41,24,17,61,69,1021.1,1019.9,5,4,15.9,16.4,1,1
12.6,19.1,5.4,2.8,0.5,30,15,17,77,58,1020.1,1017.9,5,4,15.3,17.4,1,1
12.1,22.0,2.2,4.0,3.2,35,11,24,64,71,1016.3,1014.0,5,4,17.7,19.1,1,1
18.3,25.6,0.0,3.8,6.5,37,2,13,69,89,1003.8,1002.1,5,4,23.0,20.5,0,1
17.5,19.3,12.6,4.8,0.0,46,20,19,92,77,1006.9,1006.3,5,4,17.7,18.8,1,1
18.6,22.8,0.0,7.0,1.7,46,9,24,77,75,1011.2,1008.0,5,4,20.2,21.7,0,1
19.2,22.9,0.0,4.6,2.1,20,9,13,76,77,1018.5,1017.0,5,4,20.1,19.7,0,1
20.0,26.4,0.0,8.8,1.0,43,7,20,73,66,1009.3,1003.5,5,4,22.1,25.6,0,1
18.4,23.4,0.0,9.4,0.2,39,11,13,68,60,1017.2,1015.8,5,4,20.5,22.4,0,1
17.3,22.9,29.0,11.0,1.2,56,28,24,95,67,1019.4,1019.2,5,4,17.8,21.9,1,1
17.5,24.3,18.6,3.4,9.5,39,13,26,84,70,1022.9,1022.1,5,4,20.4,23.2,1,1
21.8,24.8,0.0,4.8,3.0,31,13,2,73,82,1015.4,1015.8,5,4,22.6,22.6,0,1
20.5,23.7,0.0,7.6,0.2,35,6,7,76,84,1018.5,1016.5,5,4,21.7,21.7,0,1
20.7,24.5,7.2,2.4,0.0,35,7,13,84,91,1014.3,1013.0,5,4,23.7,22.7,1,1
20.8,26.9,29.6,7.8,3.3,26,13,15,90,68,1014.0,1013.4,5,4,22.5,26.4,1,1
22.0,27.3,0.0,6.6,6.4,50,20,28,74,62,1011.5,1008.8,5,4,23.8,26.1,0,1
25.3,28.8,0.0,11.2,2.4,44,19,28,50,68,1005.2,1008.0,5,4,27.2,24.4,0,1
18.4,21.9,8.8,5.6,0.0,48,26,28,87,66,1014.4,1013.7,5,4,18.8,21.2,1,1
18.5,20.2,5.4,2.8,0.0,39,17,17,72,82,1012.0,1010.5,5,4,20.1,18.5,1,1
16.7,21.0,49.8,1.4,0.0,35,15,9,95,83,1006.8,1004.6,5,4,17.1,20.7,1,1
20.4,24.8,0.0,8.8,7.5,59,24,37,76,63,1002.4,1002.9,5,4,22.3,23.8,0,1
19.4,24.0,2.2,5.6,0.6,39,13,28,91,63,1007.5,1007.2,5,4,19.6,23.2,1,1
18.9,25.8,0.2,2.8,8.0,43,17,26,71,60,1013.7,1012.2,5,4,22.2,24.6,0,1
19.9,25.7,3.8,5.8,4.4,46,17,24,74,63,1012.3,1009.9,5,4,22.3,24.3,1,1
19.6,25.3,2.2,6.8,7.9,46,7,11,87,81,1011.4,1010.7,5,4,20.4,18.1,1,1
16.6,25.8,3.2,4.8,8.7,31,15,19,80,60,1015.3,1013.4,5,4,19.7,25.0,1,1
19.9,27.1,0.0,6.6,9.6,39,6,24,75,66,1017.9,1014.1,5,4,23.0,25.6,0,1
19.5,28.2,15.6,12.6,8.6,33,9,19,81,60,1011.8,1010.6,5,4,22.8,27.2,1,1
23.5,33.4,0.0,7.4,4.3,31,6,20,66,44,1013.3,1011.0,5,4,26.2,31.9,0,1
20.2,22.0,2.8,4.8,0.0,52,20,15,89,92,1013.9,1012.5,5,4,20.5,21.1,1,1
20.1,29.5,27.6,1.6,2.1,67,17,17,90,58,1007.7,1001.4,5,4,21.3,29.2,1,1
18.6,20.9,16.0,4.6,0.0,65,17,20,88,83,1013.4,1015.4,5,4,19.5,19.4,1,1
18.0,22.6,16.8,2.8,0.0,48,26,17,66,81,1019.6,1018.5,5,4,20.9,19.9,1,1
18.9,27.3,2.2,2.0,7.0,41,11,24,75,65,1014.3,1009.8,5,4,22.4,26.4,1,1
17.1,23.3,0.0,6.6,7.8,54,33,22,62,60,1018.1,1015.7,5,4,19.0,21.3,0,1
15.0,21.2,109.4,4.8,2.3,54,30,15,96,71,1005.4,1005.9,5,4,15.6,20.1,1,1
20.1,28.0,0.0,7.8,10.3,43,6,15,81,69,1012.8,1009.4,5,4,22.6,25.5,0,1
18.6,20.2,41.8,7.4,0.2,50,24,22,94,88,1014.0,1015.1,5,4,18.6,19.4,1,1
17.1,23.0,2.4,3.8,7.2,57,15,28,66,64,1022.3,1022.3,5,4,19.4,21.6,1,1
17.6,24.4,12.0,6.0,5.2,43,19,22,72,57,1023.7,1022.7,5,4,21.1,23.2,1,1
19.4,22.5,0.0,5.6,0.4,31,9,6,77,84,1023.2,1020.3,5,4,20.4,20.4,0,1
20.1,24.3,0.0,8.0,0.5,44,17,15,62,72,1019.2,1013.6,5,4,22.0,23.4,0,1
10.4,20.2,0.0,6.0,6.1,54,24,31,59,55,1030.6,1029.7,5,4,15.6,19.9,0,1
15.9,25.8,0.0,4.8,7.8,35,11,20,63,58,1023.9,1021.7,5,4,19.0,23.5,0,1
17.3,21.4,23.6,5.0,0.0,56,20,9,91,85,1022.9,1020.6,5,4,18.6,19.1,1,1
17.2,21.1,48.8,3.2,0.2,54,9,35,95,81,1021.1,1018.3,5,4,17.6,20.5,1,1
17.6,19.5,0.0,1.6,0.1,33,20,15,81,85,1014.0,1011.0,5,4,19.4,19.1,0,1
15.6,25.3,1.6,1.0,7.6,74,13,41,79,47,1011.7,1009.2,5,4,18.4,19.8,1,1
9.6,17.1,0.0,4.0,2.4,37,7,7,79,93,1020.5,1018.7,5,4,12.2,13.7,0,1
9.1,18.9,0.0,2.6,9.3,41,20,26,66,52,1026.5,1025.3,5,4,12.1,17.7,0,1
11.3,18.1,21.4,3.0,2.2,30,9,17,94,69,1031.6,1030.6,5,4,12.1,16.6,1,1
12.8,16.8,0.2,0.6,0.0,24,13,6,91,94,1022.3,1018.7,5,4,14.9,15.8,0,1
14.0,15.3,27.4,1.6,0.0,24,11,15,96,94,1014.6,1010.6,5,4,14.2,15.2,1,1
9.0,16.1,0.0,4.2,4.0,76,15,33,53,64,1000.4,1000.7,5,4,12.0,12.4,0,1
10.4,16.0,19.2,2.6,5.0,72,28,28,70,79,1016.1,1017.9,5,4,14.0,13.7,1,1
6.6,18.3,0.0,2.0,9.5,31,24,4,78,44,1026.7,1024.0,5,4,8.3,17.6,0,1
8.3,14.2,2.4,0.2,0.2,30,15,6,87,87,1026.2,1023.4,5,4,10.0,13.6,1,1
9.9,16.1,76.4,4.2,0.0,41,20,15,96,96,1022.5,1020.4,5,4,11.8,13.0,1,1
11.7,19.3,49.4,2.4,5.7,50,22,24,71,66,1020.5,1018.5,5,4,16.1,17.4,1,1
10.7,15.4,8.6,1.6,1.5,30,13,11,95,91,1021.1,1019.2,5,4,12.1,14.8,1,1
11.7,13.9,0.4,1.8,0.0,26,13,9,88,91,1018.2,1014.2,5,4,12.0,13.8,0,1
8.6,13.7,8.8,2.0,0.0,37,11,15,84,87,1030.7,1029.5,5,4,12.8,12.9,1,1
9.0,18.5,0.0,1.0,4.6,26,19,9,89,66,1026.1,1020.8,5,4,10.5,16.8,0,1
7.2,16.2,0.0,3.6,6.4,41,28,26,55,43,1024.6,1025.1,3,7,9.6,15.9,0,1
8.7,14.9,4.0,2.6,4.5,44,17,24,75,72,1031.0,1030.1,5,7,10.7,13.6,1,1
9.6,16.0,19.0,1.8,5.8,44,17,22,89,52,1033.1,1031.4,4,2,11.0,15.3,1,1
8.4,18.0,0.0,1.8,2.4,44,9,22,92,67,1026.6,1021.1,7,7,10.2,17.6,0,1
5.8,17.3,0.0,2.8,9.8,35,22,19,65,38,1025.9,1024.7,1,1,8.1,16.6,0,1
8.1,14.9,5.0,2.0,1.4,52,17,22,81,54,1029.3,1028.5,8,7,13.3,14.8,1,1
9.7,16.9,2.6,3.6,6.8,48,20,20,92,62,1029.6,1027.6,6,6,10.6,16.2,1,1
10.4,14.0,6.8,2.4,0.6,26,17,11,95,85,1027.9,1025.6,7,7,11.2,13.6,1,1
7.3,15.9,0.0,4.0,10.0,54,24,28,54,36,1024.2,1022.2,1,1,9.6,15.3,0,1
7.6,14.9,0.0,5.0,3.8,93,31,26,42,76,1015.4,1016.6,3,7,10.4,12.2,0,1
16.1,29.2,0.0,6.4,6.9,91,17,41,45,25,1009.5,1005.9,7,7,22.2,26.3,0,1
14.0,24.7,0.0,5.6,2.7,63,20,33,39,83,1006.2,1007.3,4,8,21.0,15.0,0,1
12.4,20.6,0.0,3.6,7.7,37,9,20,63,66,1018.4,1013.8,1,5,17.9,18.2,0,1
18.9,33.2,0.0,6.4,6.0,65,22,22,63,29,1009.7,1003.5,5,7,21.7,31.2,0,1
15.6,18.3,0.0,7.6,0.0,48,9,11,90,81,1019.2,1014.6,8,7,16.0,17.2,0,1
13.5,19.0,9.8,6.8,3.6,50,4,9,83,58,1005.4,1004.1,8,7,14.6,18.2,1,1
8.5,16.0,3.4,2.0,4.3,74,35,22,84,87,1006.3,1010.7,5,7,8.7,12.2,1,1
15.1,18.7,0.0,6.0,6.6,80,30,39,68,40,1016.2,1019.7,7,2,15.6,18.0,0,1
16.1,21.9,0.0,10.8,12.2,54,28,26,44,38,1015.2,1015.5,2,1,18.1,20.3,0,1
13.7,18.5,1.6,5.6,0.0,31,6,17,82,58,1020.9,1020.1,7,8,15.5,17.8,1,1
19.9,27.3,0.0,3.8,8.4,35,4,20,58,64,1011.9,1011.7,6,7,24.1,23.4,0,1
18.5,27.1,9.2,4.2,9.8,50,9,17,77,86,1014.0,1012.6,5,5,22.2,20.9,1,1
17.2,18.0,0.4,5.0,0.0,41,11,9,86,81,1012.7,1011.0,8,8,17.2,17.5,0,1
12.8,21.1,0.0,8.4,6.9,50,17,26,44,45,1014.2,1015.6,2,3,18.1,19.9,0,1
20.7,27.2,0.0,9.4,2.9,41,7,20,74,69,1015.9,1012.3,8,7,22.5,24.1,0,1
19.8,24.1,3.6,4.4,1.0,44,6,13,80,74,1014.1,1014.7,7,7,22.4,22.4,1,1
18.4,24.5,10.2,3.2,0.0,26,9,13,84,74,1018.4,1016.5,7,7,20.5,21.9,1,1
20.7,23.8,0.0,6.2,0.0,56,13,19,71,77,1011.5,1008.5,8,7,22.4,22.2,0,1
23.7,28.2,0.0,11.4,8.3,57,17,30,73,70,1012.5,1011.1,7,6,26.5,27.0,0,1
20.1,22.7,16.8,8.2,0.0,50,6,9,90,90,1009.2,1009.0,8,8,20.5,20.9,1,1
20.5,23.0,15.8,2.2,0.0,69,7,24,88,92,1009.2,1008.1,8,8,22.7,21.6,1,1
21.0,27.8,0.0,5.6,12.2,54,19,24,66,64,1013.2,1008.4,3,1,25.9,27.2,0,1
16.5,20.1,31.8,6.8,0.0,63,26,26,86,85,1014.4,1016.2,8,8,19.5,18.7,1,1
17.9,23.1,15.2,6.2,0.1,57,30,31,73,78,1021.0,1020.8,7,8,19.0,20.1,1,1
17.7,25.5,7.4,4.8,6.8,56,30,30,63,56,1021.6,1020.4,7,6,23.1,24.8,1,1
21.5,33.5,0.0,7.0,7.3,37,2,11,71,34,1016.8,1012.1,1,7,23.4,30.9,0,1
17.9,25.4,0.0,5.0,7.3,44,13,28,78,38,1011.4,1010.8,7,6,18.3,24.4,0,1
16.3,26.2,0.0,3.8,10.9,39,19,19,67,41,1016.0,1013.8,0,2,19.0,25.4,0,1
17.0,18.6,27.4,6.6,0.0,48,22,20,88,79,1020.9,1021.7,7,8,17.0,18.0,1,1
15.7,20.9,61.4,5.0,0.4,31,17,9,93,89,1028.2,1027.8,8,8,16.6,17.7,1,1
15.6,23.6,18.4,0.8,4.3,24,9,7,83,55,1030.4,1028.4,7,6,17.5,22.9,1,1
15.6,20.6,2.4,3.6,1.6,31,11,6,93,75,1028.0,1025.2,5,7,17.0,18.8,1,1
14.2,22.7,3.8,2.4,7.0,22,9,15,73,62,1024.5,1021.6,3,3,19.0,22.2,1,1
14.6,24.2,2.0,3.4,8.3,26,15,17,72,61,1025.3,1023.9,1,6,18.4,22.5,1,1
15.6,22.0,5.2,2.4,3.6,24,15,6,90,73,1026.7,1024.3,6,3,16.7,20.7,1,1
17.4,27.9,0.0,5.8,5.7,37,9,11,75,49,1010.1,1007.4,7,4,19.0,26.2,0,1
13.3,20.2,0.4,4.6,10.5,65,20,35,50,39,1014.7,1012.8,2,4,15.3,20.0,0,1
12.2,19.0,33.6,4.8,1.2,65,17,30,92,68,1013.7,1014.1,8,7,14.6,17.5,1,1
9.4,16.0,0.0,2.2,1.3,31,17,20,71,79,1015.0,1010.1,6,8,11.2,14.5,0,1
10.6,17.4,27.2,5.2,0.7,48,11,22,93,71,1013.7,1012.7,7,6,13.4,16.4,1,1
12.7,20.6,30.6,2.4,5.8,48,28,24,89,47,1019.1,1017.9,7,7,13.0,20.1,1,1
9.5,21.3,0.0,1.8,10.1,30,20,4,70,45,1025.7,1023.0,1,1,11.3,20.2,0,1
10.6,20.2,3.4,3.2,7.1,41,22,24,84,58,1029.4,1028.2,5,5,11.6,19.4,1,1
13.9,21.2,0.0,4.0,3.0,52,11,17,62,61,1019.4,1014.1,6,7,18.7,19.9,0,1
14.4,15.8,14.8,3.0,1.8,81,20,24,92,68,1006.1,1009.8,8,7,14.7,14.0,1,1
10.4,16.0,0.0,2.0,1.0,41,13,19,85,90,1015.1,1009.7,7,6,11.6,15.8,0,1
8.0,19.2,0.0,1.6,8.0,43,26,17,76,52,1013.5,1012.2,1,2,9.6,16.1,0,1
8.7,16.1,15.6,3.2,0.0,52,24,26,80,65,1021.7,1021.3,6,7,10.5,14.3,1,1
8.0,17.3,0.0,2.0,8.1,31,19,15,79,58,1021.6,1019.1,5,2,9.6,16.1,0,1
7.7,13.5,1.2,2.4,0.0,39,26,17,87,83,1024.9,1024.2,7,7,7.9,11.9,1,1
7.6,13.9,56.2,0.4,0.2,41,7,19,93,90,1028.5,1026.7,7,7,11.0,11.9,1,1
9.6,13.8,53.4,0.2,0.1,39,17,11,91,77,1021.7,1017.9,7,7,10.2,13.1,1,1
10.0,16.7,5.0,2.4,0.2,41,17,9,93,90,1016.3,1014.8,8,6,10.6,13.8,1,1
12.8,18.8,0.8,3.4,2.4,26,15,19,93,64,1022.9,1020.7,7,7,13.4,17.6,0,1
12.9,16.1,16.8,2.8,0.0,41,9,15,93,83,1023.7,1022.5,7,7,13.3,16.0,1,1
12.7,14.2,41.0,3.2,0.0,28,9,9,90,87,1024.8,1023.0,8,8,13.6,13.2,1,1
11.3,17.1,51.0,2.0,2.2,37,11,9,94,82,1025.7,1023.5,7,5,12.4,16.6,1,1
7.4,19.2,0.0,2.2,9.1,33,19,17,68,36,1031.7,1029.9,0,3,9.3,17.7,0,1
8.7,13.6,1.6,3.0,1.0,30,19,17,83,84,1035.0,1033.6,5,7,9.3,11.8,1,1
10.7,22.0,0.2,3.6,1.7,33,4,13,78,58,1024.6,1021.9,7,7,15.4,19.4,0,1
14.4,21.6,1.4,0.2,3.4,26,9,13,88,67,1024.7,1022.1,7,4,15.1,19.6,1,1
11.1,21.5,0.0,3.4,3.4,48,13,6,73,49,1019.9,1017.8,6,5,12.8,19.7,0,1
10.8,17.9,0.8,4.8,8.3,35,17,15,57,49,1013.6,1009.3,2,7,13.0,16.0,0,1
9.3,13.1,9.6,3.8,1.3,57,24,24,85,74,1008.3,1009.8,7,7,9.3,12.6,1,1
10.0,18.5,0.0,5.6,6.1,41,20,24,67,56,1021.9,1018.1,7,7,14.9,16.9,0,1
12.8,18.8,0.0,4.0,6.2,33,6,17,74,66,1018.4,1016.3,7,5,16.4,17.9,0,1
14.6,17.7,1.2,2.2,0.0,80,6,35,75,91,1016.0,1010.0,8,8,16.5,16.5,1,1
15.2,18.9,0.0,10.0,3.7,65,30,24,41,41,1010.9,1014.3,2,4,17.7,17.2,0,1
17.5,35.0,0.0,6.6,10.8,80,11,46,45,10,1002.2,996.3,2,1,24.7,34.2,0,1
19.5,27.0,0.0,9.4,0.6,50,20,7,72,65,1016.2,1011.7,7,8,21.4,24.2,0,1
14.6,22.3,0.0,6.0,9.1,37,17,20,51,55,1022.5,1020.4,3,7,20.5,20.5,0,1
22.3,33.3,0.0,10.4,9.5,48,9,20,46,37,1006.4,1006.6,4,3,24.8,28.4,0,1
15.7,18.9,11.6,9.6,0.7,50,15,22,87,62,1017.5,1017.2,8,7,15.8,18.7,1,1
15.1,18.4,39.6,9.4,0.0,54,31,28,91,91,1018.1,1016.4,8,7,16.0,17.3,1,1
15.6,22.8,20.2,1.8,4.9,28,4,6,92,66,1013.2,1011.8,8,7,17.4,21.9,1,1
15.9,23.3,0.0,7.8,8.0,69,2,26,68,62,1015.8,1014.6,3,6,20.7,22.6,0,1
15.7,21.7,23.0,4.8,5.6,50,19,33,74,75,1016.0,1014.5,7,7,18.0,18.8,1,1
14.8,18.0,40.8,5.6,0.0,50,22,17,83,83,1015.5,1014.5,7,8,16.4,16.8,1,1
15.2,20.0,11.2,4.0,0.0,59,30,24,80,91,1013.3,1010.5,8,8,17.9,18.4,1,1
20.1,24.6,0.0,6.2,9.8,52,15,24,64,64,1012.8,1010.4,6,5,23.6,23.5,0,1
19.9,24.3,3.0,9.8,2.9,69,28,39,79,67,1009.1,1006.6,7,7,21.1,22.6,1,1
18.1,25.0,7.4,4.0,9.3,31,9,7,78,60,1005.8,1003.2,3,5,21.7,22.6,1,1
16.4,23.3,0.0,8.2,10.3,61,6,35,57,69,1008.1,1009.1,3,7,20.8,20.0,0,1
19.5,20.9,0.2,10.6,0.0,59,13,19,72,83,1005.8,1008.8,8,7,20.9,17.1,0,1
17.8,27.8,0.0,8.8,7.9,54,13,15,61,63,1006.3,1000.5,5,7,23.5,24.9,0,1
20.6,26.7,0.0,8.8,9.8,50,30,31,65,56,1014.8,1015.0,3,5,23.7,23.6,0,1
19.1,24.6,1.2,7.8,2.0,30,2,19,81,59,1018.6,1016.9,7,5,20.1,23.8,1,1
18.7,21.5,0.6,3.6,0.0,35,6,13,85,88,1019.3,1016.4,8,8,18.9,20.1,0,1
18.7,26.6,21.0,1.2,9.5,43,13,24,82,51,1012.3,1010.5,7,1,21.5,25.2,1,1
18.3,21.6,0.0,11.4,1.7,44,26,13,55,63,1018.3,1019.4,5,7,20.9,19.5,0,1
21.7,25.9,0.0,4.2,2.8,37,11,24,71,65,1009.2,1008.0,6,7,24.1,25.1,0,1
19.8,25.0,5.0,5.0,0.6,33,20,15,79,68,1010.2,1008.0,7,7,21.6,23.9,1,1
19.7,26.3,0.0,7.4,1.5,52,20,28,69,61,1014.0,1008.0,8,8,23.9,26.0,0,1
20.7,25.2,0.0,12.0,1.2,61,17,31,62,83,1017.1,1019.4,7,8,25.1,19.5,0,1
17.5,24.5,3.2,5.2,3.1,41,26,26,59,46,1023.9,1022.3,6,7,20.6,22.7,1,1
22.1,26.3,0.2,6.0,4.3,33,19,22,78,68,1016.5,1015.6,7,7,23.5,25.8,0,1
20.9,24.9,1.0,2.2,0.0,26,2,17,88,82,1003.7,999.5,8,8,21.5,23.1,0,1
21.4,25.0,6.0,2.4,0.0,54,6,24,78,83,999.5,1001.6,8,8,24.7,21.5,1,1
20.5,29.1,0.0,2.2,1.8,35,11,13,81,82,1004.8,1002.1,7,8,23.8,23.5,0,1
19.7,32.4,0.0,9.8,6.2,43,7,17,59,44,1011.8,1010.1,6,7,25.1,30.3,0,1
20.3,22.0,4.4,5.2,0.2,44,24,26,82,78,1017.3,1019.2,7,7,21.7,21.2,1,1
19.3,21.6,2.4,3.2,0.0,44,20,20,86,68,1022.7,1022.5,8,7,19.7,21.0,1,1
18.2,22.7,10.4,1.6,0.0,26,2,11,90,75,1020.5,1019.1,7,8,19.6,22.0,1,1
17.9,22.8,6.6,2.4,1.2,41,11,17,85,86,1020.3,1020.6,7,8,19.3,19.8,1,1
18.8,26.3,4.6,3.8,3.8,37,11,11,70,75,1024.8,1024.5,3,7,21.7,22.2,1,1
18.1,27.5,0.2,4.0,7.7,50,4,15,69,62,1018.6,1014.0,1,3,21.9,26.6,0,1
19.2,29.2,0.0,8.2,6.2,37,7,11,69,52,1018.1,1015.4,6,7,22.1,27.6,0,1
19.5,26.6,0.0,7.8,5.8,91,7,17,64,62,1013.0,1008.4,4,7,22.5,25.8,0,1
19.2,29.3,5.4,5.8,5.8,57,9,13,57,74,1005.5,1004.7,2,7,24.2,22.5,1,1
20.1,23.2,0.4,6.2,0.0,54,24,31,79,89,1016.4,1015.3,8,8,20.3,17.5,0,1
19.7,24.9,0.6,2.8,0.0,37,11,9,89,72,1022.5,1021.2,7,7,21.2,24.4,0,1
20.6,22.2,18.0,2.8,0.0,35,2,7,89,77,1022.3,1020.0,8,8,21.2,20.3,1,1
19.4,27.0,0.2,3.6,10.1,35,11,22,69,55,1020.1,1019.2,3,3,22.4,27.0,0,1
19.9,22.3,0.0,6.0,0.0,43,11,19,82,74,1018.5,1016.5,8,8,20.4,21.5,0,1
18.0,26.0,5.6,9.2,6.4,50,13,24,80,63,1018.8,1016.9,7,3,20.6,23.8,1,1
17.2,21.7,3.4,4.6,1.1,48,9,7,86,86,1020.9,1020.8,7,8,19.2,19.5,1,1
15.3,22.4,16.0,4.2,3.3,39,13,9,83,63,1025.5,1023.6,6,6,16.9,21.1,1,1
17.8,24.7,0.0,2.6,0.0,17,11,7,74,82,1016.9,1012.7,7,8,20.2,20.0,0,1
18.9,28.0,5.6,1.6,3.7,37,22,9,64,55,1005.5,1002.9,5,7,24.1,25.7,1,1
17.9,21.0,5.0,3.8,0.7,54,26,22,76,74,1011.1,1011.9,7,6,19.1,20.0,1,1
16.0,20.6,3.8,1.4,1.0,52,20,15,86,88,1016.8,1016.1,7,7,17.8,18.5,1,1
13.5,21.0,2.8,3.6,3.3,41,20,15,64,69,1020.4,1018.8,6,5,17.2,19.4,1,1
13.4,21.9,4.2,3.4,3.5,50,22,28,58,64,1020.7,1018.4,7,8,17.3,20.8,1,1
14.1,29.9,0.0,3.8,9.1,41,15,6,53,28,1013.7,1011.3,6,7,19.3,28.9,0,1
17.6,20.9,6.8,4.6,3.2,39,7,15,84,67,1023.2,1019.2,8,1,17.7,20.7,1,1
16.9,17.9,0.4,2.2,0.0,35,19,15,83,87,1023.5,1023.1,5,7,17.9,17.0,0,1
14.9,25.7,0.0,3.0,8.5,31,13,15,71,61,1017.7,1013.3,1,7,18.4,23.6,0,1
13.3,22.2,0.0,2.8,7.3,46,17,19,71,35,1006.9,1001.9,2,6,16.1,21.5,0,1
11.7,15.7,1.2,5.6,1.1,57,13,35,81,46,996.5,994.8,7,7,12.7,14.8,1,1
11.1,21.0,0.0,5.8,6.2,46,19,19,66,65,1026.2,1024.3,2,6,14.2,18.2,0,1
12.6,23.0,0.0,4.0,8.8,37,17,20,73,51,1030.1,1028.5,3,2,16.7,22.7,0,1
14.5,21.4,0.0,4.4,5.2,33,19,17,71,58,1026.8,1024.5,6,3,15.9,20.7,0,1
14.3,20.7,2.4,1.0,7.5,31,15,17,86,61,1026.9,1022.8,5,4,15.2,20.0,1,1
11.2,22.3,0.0,3.6,9.6,33,24,13,69,53,1024.1,1022.9,1,3,13.6,22.0,0,1
13.6,19.8,8.6,4.0,0.4,30,19,11,91,80,1025.7,1024.1,8,7,15.3,18.0,1,1
14.5,15.5,13.2,7.2,0.5,48,22,17,86,85,1026.3,1024.8,7,7,15.3,14.9,1,1
10.5,17.7,0.0,3.6,6.3,46,17,24,65,59,1026.9,1025.8,3,7,11.9,16.0,0,1
8.6,18.4,2.2,2.6,5.1,46,22,17,71,73,1028.4,1027.3,1,7,10.4,16.9,1,1
10.4,19.2,13.8,2.0,3.6,31,20,19,91,49,1030.5,1027.4,7,1,13.0,18.8,1,1
10.7,20.9,0.0,2.4,3.3,28,15,15,85,48,1019.4,1015.0,7,7,11.8,20.4,0,1
6.6,17.9,0.0,3.2,5.1,35,17,19,62,64,1032.0,1029.0,6,6,9.2,15.7,0,1
9.2,15.6,1.6,0.4,0.0,22,13,2,88,74,1025.8,1021.3,7,8,11.5,15.3,1,1
9.6,18.8,0.0,2.8,2.6,52,9,15,82,59,1023.0,1019.9,7,7,11.5,18.3,0,1
11.3,18.7,8.2,2.0,4.2,43,22,24,90,42,1024.9,1020.4,8,3,13.0,17.2,1,1
8.1,14.4,0.0,3.4,4.5,48,15,24,62,45,1025.4,1025.1,7,5,10.3,13.7,0,1
6.3,15.4,21.4,5.6,3.9,44,17,11,84,78,1030.0,1028.2,7,7,8.9,12.3,1,1
8.7,16.8,0.0,1.2,0.3,26,13,13,86,70,1023.8,1019.0,7,7,10.3,16.4,0,1
10.3,17.5,28.6,4.8,2.2,46,28,22,90,74,1010.3,1004.2,8,7,14.4,17.0,1,1
11.0,15.7,21.8,4.8,0.0,63,31,28,94,90,1001.8,1005.0,8,8,13.8,13.3,1,1
12.8,17.7,38.4,4.4,3.0,78,28,26,69,80,1015.3,1016.6,7,7,15.5,14.5,1,1
9.5,17.1,8.2,4.6,5.0,44,22,22,68,54,1024.7,1024.5,7,6,12.5,15.7,1,1
9.4,18.1,10.8,2.0,7.1,43,19,22,86,65,1029.2,1027.0,7,3,11.7,17.1,1,1
11.2,19.6,10.2,2.4,10.1,28,17,17,88,61,1031.8,1029.0,6,3,13.2,18.5,1,1
9.9,19.3,3.2,3.2,2.9,31,4,20,92,85,1031.6,1029.3,5,7,11.8,14.8,1,1
10.5,19.3,0.0,3.2,8.9,44,13,19,81,61,1025.7,1022.4,0,2,13.7,18.8,0,1
11.6,15.6,12.6,4.6,0.0,52,2,9,93,87,1024.3,1022.7,8,7,13.6,14.9,1,1
13.4,19.8,13.2,3.2,5.3,56,19,28,80,54,1025.3,1023.9,7,5,15.3,18.7,1,1
12.3,19.7,15.2,6.6,8.8,48,20,26,81,51,1026.8,1025.9,2,4,15.3,17.8,1,1
9.4,18.0,2.0,3.8,5.4,50,17,24,85,65,1026.7,1024.0,7,4,12.1,15.8,1,1
12.0,16.1,3.2,3.8,2.7,52,20,22,89,84,1023.9,1021.7,8,7,12.5,14.9,1,1
14.1,18.4,0.2,5.2,1.5,59,7,22,59,66,1009.1,1007.9,5,7,15.8,13.7,0,1
9.8,17.6,0.2,3.0,8.3,61,24,31,53,52,1015.9,1015.1,3,6,13.4,14.7,0,1
8.8,18.2,4.4,3.6,8.7,52,17,26,72,57,1021.8,1021.7,3,2,13.2,16.7,1,1
10.3,19.1,11.0,3.2,2.3,43,7,24,92,73,1029.7,1028.5,7,7,12.3,15.7,1,1
12.2,23.1,0.0,5.0,10.3,41,17,22,56,56,1019.4,1012.8,1,4,19.3,20.6,0,1
17.4,24.6,0.0,6.2,1.2,61,6,17,60,65,1011.9,1009.8,7,7,20.0,20.2,0,1
19.7,27.9,0.0,8.0,7.7,61,28,20,44,30,1007.8,1008.3,7,1,24.1,25.2,0,1
17.9,26.2,0.0,8.8,5.0,57,11,13,60,69,1007.6,1005.7,7,8,22.5,21.5,0,1
13.2,17.6,9.4,5.8,3.0,76,26,20,49,42,1008.5,1008.5,6,7,14.9,17.1,1,1
17.7,23.5,0.0,6.0,3.8,67,15,30,67,75,1017.1,1012.6,7,7,20.7,21.0,0,1
18.9,24.1,0.0,12.8,2.3,39,7,24,60,50,1009.9,1010.0,8,8,20.1,22.6,0,1
21.1,30.2,0.0,7.2,6.4,33,6,28,71,76,1015.0,1007.4,6,6,23.5,23.6,0,1
19.1,26.8,0.0,8.0,8.4,44,11,26,64,63,1014.2,1011.2,2,4,23.8,24.6,0,1
19.6,26.8,3.2,9.8,8.0,46,6,20,59,69,1011.0,1007.9,6,7,25.1,23.6,1,1
21.6,29.3,1.0,8.4,7.6,59,4,17,68,55,1013.2,1009.4,4,7,26.2,28.4,0,1
20.0,26.9,23.8,8.0,0.0,61,9,22,80,74,1012.5,1009.4,7,7,22.7,25.3,1,1
19.6,27.2,6.2,11.0,6.9,52,9,17,64,59,1008.3,1005.6,7,5,24.3,26.3,1,1
20.5,26.7,1.8,5.6,6.6,30,17,17,70,61,1007.7,1004.1,6,7,23.4,25.5,1,1
18.7,27.2,5.4,7.8,8.9,50,11,22,68,81,1006.0,1003.9,2,4,24.5,23.6,1,1
20.4,25.3,0.0,5.0,2.6,33,17,22,73,69,1014.8,1011.4,6,7,22.5,24.7,0,1
20.7,22.0,9.8,3.4,0.7,65,19,26,92,85,1005.5,1008.8,7,7,21.7,18.6,1,1
20.7,26.1,0.0,8.2,4.6,41,11,13,84,81,1015.4,1012.8,7,8,21.1,23.8,0,1
19.8,26.8,0.0,5.8,5.3,59,9,22,77,71,1011.5,1005.7,7,7,23.2,25.6,0,1
22.0,28.7,0.0,7.4,1.0,41,2,13,81,78,1010.8,1009.1,7,8,24.3,25.2,0,1
20.6,22.9,21.0,7.4,0.0,33,19,13,96,92,1013.6,1012.6,8,8,21.1,21.1,1,1
20.4,24.4,9.6,4.8,3.3,56,22,30,76,78,1014.7,1013.3,7,7,22.9,22.9,1,1
20.9,22.7,0.0,10.4,0.1,44,28,24,66,61,1014.9,1015.2,8,8,21.7,21.7,0,1
18.1,24.8,6.2,3.4,7.3,48,20,26,88,64,1014.3,1011.9,8,5,20.3,23.9,1,1
20.2,20.4,0.6,10.6,0.0,35,20,17,84,88,1013.2,1013.3,8,8,20.4,19.7,0,1
18.9,20.4,33.0,5.4,0.0,37,20,13,96,93,1013.3,1012.5,8,8,19.2,20.2,1,1
17.3,20.5,57.0,7.2,2.3,43,17,6,95,92,1013.3,1013.5,8,7,17.9,18.2,1,1
19.3,26.6,0.0,9.4,7.0,37,9,19,75,55,1009.5,1009.3,7,6,22.0,24.2,0,1
18.5,26.5,1.0,8.6,9.8,43,17,24,72,45,1020.1,1017.5,5,2,20.1,25.7,0,1
17.3,25.6,1.2,6.4,6.6,43,15,30,70,58,1015.7,1015.7,7,6,20.1,22.9,1,1
21.0,28.8,0.0,8.0,10.0,37,4,26,62,61,1021.8,1021.0,1,5,26.1,27.6,0,1
20.4,28.1,6.8,7.8,4.6,31,7,19,94,61,1024.2,1023.3,7,5,22.1,25.1,1,1
20.5,25.6,1.0,2.8,0.0,37,6,15,88,74,1017.1,1016.0,8,8,22.9,24.5,0,1
20.1,23.8,0.0,6.6,9.1,44,6,30,76,77,1015.6,1015.2,7,7,22.2,22.9,0,1
19.9,25.8,4.2,2.2,4.7,20,15,17,86,72,1010.9,1007.2,7,7,21.5,24.9,1,1
22.0,36.4,0.0,6.0,7.0,91,6,20,69,57,1005.9,1002.9,1,7,26.2,29.3,0,1
20.1,21.9,0.6,6.2,0.3,44,22,17,70,65,1019.9,1019.5,7,7,20.8,21.4,0,1
17.7,24.9,0.0,5.6,5.1,70,26,33,75,51,1010.0,1012.5,6,6,21.8,23.0,0,1
20.0,31.4,0.0,5.2,8.0,72,13,39,75,65,1010.5,1012.0,1,5,23.8,24.9,0,1
18.3,23.1,2.0,7.6,0.9,44,22,22,75,55,1024.7,1025.3,7,6,19.6,21.7,1,1
18.6,24.4,2.2,5.4,1.6,44,24,22,71,59,1024.4,1022.0,7,7,22.2,24.1,1,1
20.6,27.6,0.2,6.8,2.2,31,2,9,86,93,1012.1,1010.4,7,8,22.2,22.5,0,1
17.3,23.9,0.0,4.8,2.7,28,19,19,84,64,1024.3,1022.9,8,5,19.1,23.1,0,1
17.3,24.1,14.2,3.0,3.8,31,6,13,93,58,1026.2,1024.8,7,6,19.7,22.7,1,1
17.9,19.0,0.6,6.4,0.0,48,13,13,91,89,1023.9,1022.9,8,8,18.1,18.5,0,1
17.7,20.1,24.0,5.4,0.0,52,33,26,95,93,1020.3,1017.4,8,8,18.0,17.4,1,1
15.1,23.0,0.4,3.2,9.8,70,15,22,67,42,1007.9,1007.2,6,2,20.0,21.2,0,1
14.7,22.4,0.4,5.2,6.0,35,13,20,82,58,1024.8,1022.8,7,3,16.8,21.7,0,1
17.7,31.7,0.6,3.2,10.4,41,4,15,67,44,1022.4,1019.3,6,7,21.6,29.2,0,1
19.7,28.6,0.4,2.0,5.0,54,19,26,71,51,1017.8,1013.9,7,8,23.7,26.1,0,1
18.0,22.5,2.4,6.6,6.6,61,22,35,50,69,1018.5,1019.6,6,7,19.4,20.0,1,1
13.6,17.2,13.2,3.2,0.0,83,24,46,96,94,1023.6,1020.7,8,8,15.0,17.1,1,1
14.5,17.7,119.4,4.8,0.0,87,54,46,87,96,1019.6,1016.8,8,8,14.9,14.6,1,1
14.1,17.9,105.8,4.8,0.6,72,20,22,98,94,1013.4,1010.5,8,7,16.1,17.2,1,1
14.4,25.9,0.2,4.4,8.1,57,17,19,78,49,1008.8,1004.7,3,3,17.2,22.5,0,1
12.7,17.1,13.0,4.0,1.3,48,19,19,81,81,1008.0,1010.4,6,6,13.8,16.2,1,1
10.6,18.9,0.0,4.0,0.9,37,20,17,81,77,1030.6,1028.9,6,7,14.0,17.5,0,1
14.0,20.9,10.2,3.8,3.0,33,17,17,92,65,1031.3,1028.4,8,6,16.0,20.4,1,1
14.1,21.7,28.4,2.2,1.0,41,17,15,98,83,1028.2,1024.5,8,7,16.7,19.8,1,1
16.6,23.0,8.6,2.6,2.3,52,20,17,79,95,1020.6,1016.5,7,7,21.7,19.0,1,1
13.2,17.3,0.0,4.6,7.7,59,33,13,42,32,1015.3,1016.3,1,6,13.9,16.4,0,1
14.5,21.8,0.2,4.0,5.8,41,20,19,67,58,1018.6,1016.9,1,5,16.5,19.2,0,1
13.0,17.7,11.2,3.4,1.4,72,31,30,94,56,1016.9,1020.4,8,6,15.2,16.9,1,1
13.6,22.6,0.0,4.0,6.5,30,13,19,57,29,1020.7,1019.5,6,5,17.1,21.9,0,1
12.8,14.6,2.0,3.0,0.0,31,11,9,94,92,1031.1,1031.2,7,7,12.9,14.2,1,1
10.9,16.9,0.2,4.0,0.6,39,13,9,85,79,1027.8,1025.2,7,7,12.9,16.4,0,1
12.9,17.9,2.6,4.8,0.3,24,9,7,85,94,1022.8,1018.3,7,7,16.5,15.8,1,1
14.7,17.6,10.8,0.6,0.0,30,9,7,95,92,1012.5,1009.1,8,8,16.0,16.4,1,1
11.4,17.4,2.2,1.0,0.8,39,17,13,80,84,1014.4,1013.6,7,7,13.5,15.8,1,1
9.6,14.5,67.0,4.8,2.5,41,24,20,98,88,1017.2,1017.5,7,7,9.9,12.5,1,1
8.3,16.6,7.2,2.2,8.6,41,15,13,76,59,1024.1,1023.4,2,7,9.8,14.1,1,1
8.5,14.1,1.2,2.2,0.0,33,20,11,90,88,1028.7,1027.6,7,7,9.1,13.7,1,1
12.7,19.4,0.0,2.4,4.2,37,19,20,77,74,1023.3,1023.5,6,7,15.2,17.6,0,1
7.8,14.7,0.0,3.2,2.7,43,24,11,58,85,1019.8,1021.7,5,8,11.2,11.8,0,1
6.6,19.9,0.8,1.4,9.3,61,20,17,100,48,1015.4,1009.4,0,1,7.2,19.2,0,1
7.1,15.1,2.2,2.8,4.0,57,22,33,60,42,1003.6,1001.5,7,2,9.8,13.1,1,1
8.3,13.4,0.2,3.4,2.6,43,13,13,91,68,1016.8,1013.7,7,6,10.3,12.9,0,1
6.2,14.3,17.2,0.0,1.7,57,26,26,95,51,1010.1,1012.9,8,7,6.7,13.5,1,1
7.8,17.9,0.0,1.6,4.2,26,20,15,84,64,1034.6,1032.1,3,6,10.0,15.9,0,1
9.9,16.9,0.0,4.0,0.9,28,2,17,71,57,1027.4,1025.0,7,7,13.4,16.5,0,1
10.5,19.8,0.0,3.0,9.2,28,13,15,70,63,1027.4,1021.4,5,4,14.0,17.4,0,1
12.9,28.3,0.0,4.2,9.4,33,19,11,45,32,1021.0,1016.2,2,5,19.8,26.9,0,1
15.4,18.5,2.4,6.4,0.2,22,7,7,85,73,1021.8,1018.4,7,7,15.6,17.9,1,1
15.1,17.4,4.2,1.8,0.6,59,17,9,90,95,1018.4,1015.0,8,7,16.3,16.4,1,1
12.5,19.9,54.4,5.0,4.4,56,22,20,66,53,1013.4,1012.8,7,7,16.1,18.7,1,1
8.0,18.8,0.0,4.0,10.4,31,11,19,61,46,1018.0,1012.0,5,1,11.9,18.6,0,1
11.2,20.8,2.8,5.6,8.0,52,20,24,69,28,1006.0,1005.6,3,6,14.4,20.6,1,1
12.2,19.9,0.0,4.2,8.2,43,9,28,53,57,1018.4,1018.3,3,7,18.0,17.7,0,1
13.6,20.0,2.2,6.4,7.7,52,20,26,65,44,1026.2,1025.5,5,2,15.8,18.9,1,1
10.0,16.2,0.2,8.8,6.5,69,31,35,55,74,1025.5,1025.4,3,7,13.3,11.7,0,1
8.3,16.3,3.2,4.0,6.1,65,22,28,63,62,1025.6,1024.6,7,7,13.0,13.6,1,1
10.1,16.4,31.8,2.8,4.3,54,13,26,91,63,1029.3,1027.8,7,7,13.4,15.9,1,1
11.1,20.1,3.4,4.4,7.7,43,22,24,86,48,1028.5,1025.4,6,3,14.4,18.4,1,1
15.0,24.3,0.0,5.6,6.4,41,9,11,77,65,1022.7,1018.6,6,7,18.7,21.4,0,1
16.5,29.5,3.6,5.0,9.6,43,11,19,50,55,1016.7,1012.4,1,6,22.7,23.4,1,1
17.5,20.4,1.6,7.8,0.8,37,20,20,82,77,1022.3,1022.3,4,8,18.3,19.8,1,1
19.1,26.0,0.0,9.8,9.7,31,17,15,66,64,1023.1,1021.4,1,4,21.5,23.0,0,1
19.7,27.9,1.0,7.6,3.4,31,2,9,58,43,1013.8,1011.5,4,7,24.5,26.3,0,1
18.6,20.5,8.4,5.0,0.7,61,11,31,89,74,1011.4,1010.3,7,7,19.6,20.1,1,1
17.5,29.4,0.0,7.0,5.2,69,9,13,54,53,1014.4,1015.1,3,7,24.6,22.2,0,1
17.5,26.8,0.0,7.8,9.0,44,15,17,67,59,1015.2,1010.6,1,3,21.9,25.4,0,1
18.2,30.7,26.0,6.6,9.1,46,13,15,75,53,1011.2,1009.0,5,5,21.6,26.4,1,1
18.6,20.0,1.4,6.8,0.0,35,19,17,91,89,1017.0,1016.5,8,8,19.0,19.2,1,1
17.1,19.6,3.8,1.4,0.0,56,24,31,91,83,1017.6,1016.3,8,8,19.5,19.4,1,1
16.0,23.4,13.0,0.0,0.7,50,30,26,94,80,1014.8,1010.5,8,8,18.2,20.5,1,1
18.2,28.3,11.6,3.2,5.2,33,9,13,77,87,1007.7,1006.3,4,7,23.3,20.5,1,1
18.9,23.9,0.0,8.6,0.0,31,13,11,82,66,1020.3,1020.3,7,7,20.0,22.1,0,1
18.0,28.8,0.4,8.4,7.4,48,7,6,63,60,1013.1,1009.8,1,7,22.7,23.3,0,1
17.7,20.1,18.2,9.0,0.0,33,15,19,81,70,1014.4,1013.4,8,8,18.7,18.9,1,1
14.9,20.9,29.6,2.2,0.8,46,24,19,64,70,1017.7,1017.4,7,7,18.2,18.5,1,1
21.3,33.3,0.8,4.6,8.6,61,7,17,70,58,1014.2,1012.1,5,3,24.6,27.5,0,1
21.1,23.4,0.6,5.4,1.8,80,22,13,87,82,1014.8,1016.7,7,8,22.9,18.2,0,1
23.6,29.1,0.0,14.0,3.6,50,7,22,56,79,1014.8,1017.2,6,8,27.1,21.5,0,1
17.7,21.8,29.8,4.4,0.0,44,19,2,89,90,1023.2,1021.5,8,8,17.8,17.7,1,1
18.8,26.1,0.6,7.4,6.1,39,17,17,74,77,1009.7,1006.0,5,7,22.7,23.4,0,1
17.1,23.0,1.8,8.8,5.7,59,22,28,74,47,1016.7,1018.4,8,1,17.1,22.3,1,1
20.2,24.6,0.0,8.0,0.0,44,20,22,63,84,1015.2,1014.7,8,8,22.2,19.9,0,1
18.6,23.6,15.0,6.4,0.7,46,6,7,86,89,1016.8,1016.3,8,8,18.8,19.1,1,1
17.8,20.3,34.2,0.0,0.0,54,26,26,87,87,1016.5,1014.6,8,8,19.1,19.5,1,1
17.4,18.6,51.4,8.0,0.0,48,19,20,92,91,1012.3,1011.6,8,8,18.2,17.9,1,1
14.3,21.7,34.0,12.2,2.7,54,19,22,92,71,1024.4,1024.0,8,7,14.5,19.4,1,1
23.6,33.5,0.0,11.6,6.9,61,4,20,66,48,1010.5,1007.4,5,4,26.2,32.3,0,1
22.8,29.2,30.6,10.4,1.4,30,7,13,85,76,1011.0,1006.4,7,7,24.9,25.7,1,1
21.6,27.8,0.0,2.4,8.7,41,11,19,73,54,1017.7,1017.3,8,4,22.9,26.4,0,1
22.4,28.1,0.0,5.0,8.2,65,11,6,72,86,1003.3,1001.9,3,7,26.3,23.2,0,1
19.5,28.7,9.0,3.0,3.0,70,17,17,84,62,1004.9,1002.7,8,7,22.4,28.1,1,1
21.8,26.5,0.2,8.0,7.4,43,2,15,42,52,1004.2,1001.1,5,4,26.0,25.5,0,1
19.3,28.3,0.0,7.6,10.7,43,4,26,67,59,1003.6,1002.2,5,4,23.4,27.7,0,1
19.1,24.8,10.8,7.6,0.8,59,24,33,87,55,1012.0,1012.8,8,7,19.7,23.5,1,1
19.6,26.1,3.6,9.6,6.8,56,31,39,59,56,1017.4,1017.6,6,5,22.0,23.9,1,1
23.1,29.3,0.0,9.4,5.9,52,24,26,75,52,1017.7,1018.2,7,5,24.6,28.8,0,1
21.4,27.0,6.0,8.2,4.8,37,9,13,89,67,1025.4,1024.6,6,4,21.9,26.6,1,1
21.8,30.7,0.0,7.2,4.9,41,9,20,84,54,1016.3,1014.3,7,6,22.9,29.9,0,1
19.9,25.6,16.8,7.0,4.5,44,11,26,89,66,1019.5,1018.6,7,6,20.2,24.3,1,1
19.7,26.2,23.0,6.0,7.6,39,9,20,88,58,1019.7,1018.0,8,4,20.7,25.4,1,1
19.0,26.1,13.6,5.2,7.5,41,4,15,92,59,1017.0,1012.9,7,4,19.6,25.5,1,1
19.6,28.2,3.4,5.6,4.4,52,11,13,71,67,1003.6,997.6,7,7,23.4,26.4,1,1
17.4,22.0,0.2,7.8,3.4,52,15,20,63,81,1017.5,1016.8,7,8,18.6,18.1,0,1
15.4,21.2,61.2,5.8,2.7,43,19,24,91,65,1018.8,1016.5,8,7,15.6,20.7,1,1
14.3,23.8,25.4,2.8,6.9,50,20,19,74,63,1017.5,1015.5,3,7,17.1,21.5,1,1
19.3,24.2,0.2,4.0,5.7,41,9,20,83,63,1018.2,1017.0,5,6,22.2,23.0,0,1
20.6,23.3,0.0,4.0,0.0,37,13,19,84,84,1017.5,1016.0,7,8,21.2,21.1,0,1
19.0,28.7,7.0,1.4,7.5,30,17,7,81,31,1015.0,1012.0,1,6,20.5,26.8,1,1
19.5,25.2,0.0,6.8,6.7,35,17,19,74,64,1024.6,1022.1,6,2,21.2,23.3,0,1
18.7,23.5,94.4,3.4,0.8,33,6,17,91,71,1023.2,1019.6,8,7,19.5,23.3,1,1
16.1,26.5,0.0,6.4,9.4,31,15,19,51,46,1017.5,1016.4,3,6,19.6,24.1,0,1
19.1,23.2,0.0,4.6,3.2,43,15,17,73,77,1022.1,1020.4,7,7,20.1,20.5,0,1
15.1,24.2,2.0,3.0,7.6,37,17,17,75,68,1021.8,1019.2,6,7,18.9,21.2,1,1
16.9,23.9,15.0,5.0,6.9,24,13,17,83,68,1021.7,1020.1,3,7,19.5,22.2,1,1
17.1,25.9,0.0,4.0,7.1,44,13,24,70,69,1020.1,1019.1,1,7,20.2,21.8,0,1
16.2,20.2,6.6,3.4,1.3,52,22,17,83,85,1024.2,1024.5,7,6,16.8,16.5,1,1
18.8,26.5,0.0,3.4,4.5,33,4,9,74,54,1018.7,1015.6,8,6,20.5,26.0,0,1
15.3,20.8,0.0,1.4,0.0,22,11,9,86,74,1018.5,1013.8,7,7,18.2,20.5,0,1
9.8,14.8,0.0,5.6,2.1,39,9,13,63,70,1007.2,1006.0,6,6,12.9,14.3,0,1
8.7,17.5,0.0,2.2,1.7,35,17,6,76,87,1029.6,1027.2,7,7,11.0,15.8,0,1
11.7,18.3,0.2,2.4,1.3,28,11,11,78,73,1025.4,1021.6,7,7,13.3,18.3,0,1
13.3,21.1,64.4,4.8,0.0,89,13,30,91,82,1015.4,1009.5,8,8,17.0,18.8,1,1
16.3,19.7,93.8,4.8,0.0,96,31,57,89,85,1002.5,995.9,8,8,18.8,19.7,1,1
12.7,19.3,0.0,3.6,1.4,30,20,17,53,60,1017.7,1014.6,6,7,17.4,18.7,0,1
14.5,19.5,0.4,0.8,0.0,52,13,20,81,89,1017.2,1010.4,7,8,15.2,16.7,0,1
7.4,11.7,0.0,2.2,0.0,46,26,9,74,74,1015.3,1013.6,8,8,9.3,11.0,0,1
6.4,15.6,0.0,3.4,7.5,22,13,6,77,58,1020.8,1016.2,5,7,7.6,14.4,0,1
9.5,17.7,0.2,4.4,4.8,61,22,31,54,47,1004.0,1003.0,6,6,12.9,15.9,0,1
12.9,17.2,29.4,6.4,1.6,50,19,22,85,86,1015.4,1016.5,7,7,14.9,14.6,1,1
12.4,15.6,22.4,4.8,0.0,28,17,7,92,80,1019.8,1018.4,8,8,12.7,15.5,1,1
11.4,24.9,0.2,3.2,6.2,20,0,6,71,58,1021.7,1019.1,7,5,18.0,23.0,0,1
16.5,16.9,17.0,2.4,0.0,35,9,13,91,90,1019.7,1018.4,8,8,16.7,16.2,1,1
13.1,25.7,0.0,0.2,7.4,52,30,30,66,44,1009.1,1001.0,6,4,19.3,25.1,0,1
11.5,15.8,0.4,1.0,0.9,54,15,24,76,77,1013.7,1013.9,7,8,12.8,13.2,0,1
10.7,14.6,24.8,2.6,0.2,63,31,24,77,89,1018.0,1017.7,8,8,13.6,12.6,1,1
9.7,16.2,4.0,3.2,2.7,35,20,17,90,67,1030.4,1028.3,6,6,11.2,14.7,1,1
9.5,13.8,0.0,3.0,0.2,35,15,24,66,67,1016.8,1015.0,7,7,11.4,12.2,0,1
8.5,18.4,1.8,0.6,6.8,37,19,20,69,57,1014.4,1013.5,1,7,11.9,15.4,1,1
11.8,14.7,2.4,3.2,0.0,43,11,9,79,90,1013.3,1007.5,8,8,13.4,13.7,1,1
7.3,17.3,0.0,4.6,7.8,43,20,20,57,50,1018.7,1017.6,7,7,10.4,16.4,0,1
12.1,22.5,0.0,4.6,9.2,28,11,15,63,46,1020.3,1015.3,2,3,16.9,20.7,0,1
14.5,18.0,14.4,6.2,0.0,31,6,9,90,91,1011.6,1006.0,8,8,15.7,15.9,1,1
14.7,22.7,0.0,5.0,8.9,52,6,22,61,60,1021.9,1015.9,6,4,19.5,21.2,0,1
16.0,20.2,0.0,5.6,1.5,30,15,9,73,69,1021.4,1017.8,8,7,17.5,18.9,0,1
14.2,17.8,0.0,6.6,0.0,30,17,6,66,79,1012.6,1005.7,8,8,14.9,15.1,0,1
14.0,21.2,0.0,4.8,2.9,31,9,15,61,78,1012.5,1007.5,7,8,16.0,16.8,0,1
12.5,22.3,0.0,4.8,10.1,30,13,17,55,63,1012.6,1007.9,1,1,18.4,20.6,0,1
13.6,22.1,3.4,5.2,2.1,41,15,15,74,75,1006.7,1006.1,7,7,15.5,16.3,1,1
10.2,21.3,0.0,7.2,11.4,35,17,17,46,42,1014.7,1011.3,1,1,16.2,19.6,0,1
16.8,33.6,0.0,8.4,6.6,41,9,28,37,24,1007.7,1004.1,6,7,25.3,31.8,0,1
10.7,23.6,0.0,6.6,9.3,39,26,24,45,32,1016.5,1012.5,1,5,14.3,20.7,0,1
21.7,22.4,0.0,11.8,2.4,41,28,15,43,78,1005.8,1008.3,7,7,22.4,14.5,0,1
15.3,25.2,0.0,7.4,8.4,46,20,26,55,55,1018.9,1012.8,5,7,21.5,23.3,0,1
18.4,21.7,0.0,8.0,6.2,41,20,26,65,63,1015.9,1015.7,4,7,20.8,19.9,0,1
14.7,19.6,1.4,4.6,0.5,30,19,7,73,57,1020.6,1018.5,8,8,15.4,19.1,1,1
18.2,25.5,0.2,7.0,4.6,50,9,11,65,61,1013.7,1006.5,7,8,23.0,25.3,0,1
21.2,28.3,0.0,11.0,4.1,54,6,24,25,57,1007.3,1007.1,7,7,26.8,24.7,0,1
17.8,22.7,2.0,5.2,2.5,37,13,19,72,67,1013.3,1009.8,7,7,20.1,21.3,1,1
17.8,24.3,0.0,7.0,11.1,33,9,20,68,59,1012.9,1009.9,5,1,20.2,22.6,0,1
22.1,29.9,0.4,7.6,2.9,59,13,17,71,65,1009.6,1005.9,7,7,26.1,27.1,0,1
20.4,23.6,3.2,7.0,0.0,33,15,7,86,83,1012.4,1010.6,8,8,20.6,22.2,1,1
27.1,37.2,0.0,13.4,2.5,57,24,33,23,16,1008.5,1007.0,7,7,32.4,34.1,0,1
17.4,19.1,8.2,8.8,0.0,46,17,15,88,81,1017.2,1017.4,8,8,17.7,17.7,1,1
17.2,25.4,32.6,1.0,0.0,30,17,4,89,86,1013.3,1009.3,8,8,18.8,20.2,1,1
19.8,27.2,0.0,9.4,4.3,44,9,20,66,55,1015.7,1013.8,7,7,23.2,26.3,0,1
21.2,26.3,0.4,3.4,3.5,56,26,28,71,54,1009.9,1011.8,7,5,22.1,24.8,0,1
18.5,26.6,2.6,6.2,8.8,48,19,19,66,60,1018.5,1018.3,7,7,21.9,25.4,1,1
20.1,25.9,1.2,7.8,5.6,31,22,22,53,45,1021.4,1020.0,7,7,24.0,23.7,1,1
19.6,24.3,5.0,6.0,0.5,30,7,20,89,69,1019.0,1017.2,8,7,20.5,22.6,1,1
19.9,26.5,8.8,3.8,4.8,35,15,22,86,57,1018.3,1017.5,7,6,20.0,25.3,1,1
19.0,29.2,0.0,5.8,2.6,65,22,28,62,68,1001.1,994.3,7,7,24.1,28.3,0,1
24.5,37.0,0.0,12.0,2.6,69,11,20,34,33,1007.4,1008.4,6,7,32.6,35.0,0,1
25.4,39.4,0.0,11.8,4.8,57,7,33,36,58,1008.1,1009.7,7,7,33.2,29.2,0,1
20.3,23.6,1.2,9.2,0.0,33,6,9,83,79,1016.1,1012.7,8,8,21.1,22.4,1,1
26.2,34.7,0.0,11.8,10.9,48,19,19,55,44,1011.3,1009.3,1,1,29.6,33.9,0,1
22.1,24.9,6.4,8.2,1.3,41,24,19,88,89,1017.6,1018.7,8,7,22.2,21.0,1,1
20.7,27.0,85.0,3.4,5.9,46,37,19,79,85,1022.1,1021.8,7,7,24.6,23.1,1,1
21.6,24.0,0.0,9.0,1.9,44,17,24,68,73,1015.0,1015.9,5,6,22.3,21.2,0,1
22.6,29.9,0.0,11.2,6.6,70,9,9,66,59,1009.8,1005.7,4,7,26.6,26.8,0,1
21.8,29.4,8.0,5.4,7.0,41,17,20,79,58,1007.1,1004.9,3,2,22.9,28.8,1,1
21.8,28.0,0.0,10.6,5.7,31,7,15,69,56,1020.8,1018.6,8,7,24.5,27.3,0,1
18.6,20.8,7.8,4.4,0.0,44,19,19,89,87,1020.5,1020.1,8,8,18.7,19.0,1,1
18.3,25.5,28.6,5.8,5.3,48,15,24,67,54,1021.8,1021.8,6,3,20.7,24.3,1,1
18.7,26.6,26.4,7.6,7.5,44,19,24,60,47,1024.0,1022.8,7,3,23.3,25.6,1,1
20.7,26.7,2.6,5.6,9.2,48,19,17,63,61,1022.7,1021.4,6,6,25.1,26.4,1,1
20.6,27.2,26.4,7.2,2.2,43,9,22,87,67,1021.0,1019.4,6,7,21.4,25.0,1,1
20.5,26.3,3.2,3.6,7.6,26,13,15,81,69,1018.1,1016.0,3,5,23.0,25.0,1,1
20.7,24.8,37.8,5.2,1.4,63,6,17,89,85,1016.9,1016.0,7,8,21.7,22.2,1,1
19.9,23.3,27.6,4.0,0.2,54,19,20,87,86,1015.2,1013.1,7,7,21.5,20.9,1,1
20.1,23.0,7.6,2.4,0.0,56,20,24,78,76,1010.2,1009.6,7,7,20.4,22.1,1,1
18.8,23.2,0.0,9.4,3.6,54,13,30,73,62,1017.6,1017.7,7,7,19.3,21.7,0,1
22.6,25.9,0.4,7.6,0.5,44,20,24,71,67,1019.2,1020.2,7,8,23.9,21.4,0,1
19.8,25.9,38.0,4.8,5.5,54,30,31,76,67,1020.6,1018.7,7,6,22.9,24.8,1,1
21.9,24.9,2.6,7.6,1.0,56,26,24,84,85,1013.2,1009.0,8,7,23.1,24.5,1,1
20.0,22.7,20.0,3.0,1.3,59,26,35,83,81,1018.4,1020.6,8,8,20.3,20.5,1,1
19.3,25.8,45.8,2.8,3.6,65,24,22,88,79,1022.9,1022.2,8,7,21.8,24.1,1,1
23.3,27.1,0.0,5.2,1.5,30,11,17,77,72,1015.7,1012.6,7,6,24.5,26.0,0,1
22.3,31.9,25.6,6.0,4.4,63,4,19,82,57,1012.6,1010.7,7,6,23.9,29.8,1,1
20.7,23.3,18.2,4.8,0.2,41,19,20,72,71,1018.5,1017.4,7,8,21.5,22.2,1,1
18.5,24.1,10.2,7.8,5.5,41,13,20,85,70,1019.9,1019.1,2,7,20.4,21.7,1,1
21.4,28.8,0.0,2.4,8.4,30,2,22,84,71,1012.3,1007.4,8,1,22.5,27.0,0,1
22.5,26.0,2.4,7.4,0.0,69,19,28,70,88,1007.0,1007.7,8,8,25.2,19.2,1,1
17.0,22.0,0.0,4.8,5.8,50,15,22,66,59,1025.1,1024.7,6,6,19.8,20.1,0,1
14.8,22.0,33.8,4.2,1.5,50,19,24,90,49,1028.4,1026.3,8,7,15.7,21.8,1,1
15.5,28.7,0.0,7.0,9.6,67,7,20,62,35,1015.3,1007.1,1,4,20.1,27.9,0,1
13.8,23.0,0.0,3.6,2.1,54,22,26,56,48,1017.2,1017.3,7,7,17.9,22.2,0,1
15.0,22.7,9.4,4.2,2.8,43,19,17,71,75,1023.7,1022.2,7,7,17.4,20.2,1,1
18.2,26.7,0.0,4.4,3.0,39,4,22,69,65,1014.0,1008.8,7,7,20.6,21.9,0,1
14.6,23.9,0.0,5.0,8.4,39,17,15,65,33,1017.5,1016.0,3,6,17.2,23.2,0,1
14.9,18.4,1.4,5.0,3.4,43,17,15,61,67,1027.0,1027.3,6,8,16.9,16.3,1,1
12.5,19.6,0.4,2.6,1.7,26,19,17,78,71,1027.0,1024.5,7,7,14.1,18.5,0,1
14.7,18.7,0.0,4.0,0.3,26,7,9,89,74,1021.9,1019.2,7,7,16.3,18.1,0,1
14.8,20.4,0.0,1.4,0.5,43,11,17,78,72,1025.3,1020.9,7,7,19.5,20.2,0,1
10.7,17.4,0.0,3.4,2.1,41,20,22,64,66,1031.1,1028.8,4,7,13.4,16.4,0,1
9.1,17.9,0.0,2.2,7.2,59,19,15,58,43,1019.7,1017.7,2,2,11.2,14.7,0,1
8.8,15.5,54.6,2.6,0.0,56,24,17,82,85,1020.2,1019.6,8,8,13.3,14.2,1,1
12.4,18.1,61.0,1.8,1.3,44,17,15,91,84,1024.2,1023.4,5,6,13.3,16.9,1,1
10.4,18.9,3.4,1.6,4.8,52,19,28,90,64,1027.6,1026.7,6,7,12.5,18.2,1,1
12.5,18.1,38.8,3.6,0.2,50,17,15,85,70,1031.9,1030.2,7,7,15.8,17.5,1,1
12.5,17.2,2.8,1.6,0.2,20,15,6,90,85,1029.2,1025.9,5,6,13.1,16.0,1,1
9.5,18.7,0.0,2.2,9.1,37,20,22,82,62,1030.0,1029.1,2,3,11.2,18.2,0,1
13.2,19.1,0.0,1.0,0.2,26,9,13,81,67,1024.3,1021.8,7,7,14.6,17.4,0,1
11.2,18.3,0.4,2.2,1.9,37,17,19,79,69,1030.4,1028.4,6,7,12.7,17.2,0,1
